id	text
1	> SELECT: Pickup > CLICK > HOVER > CLICK > CLICK > TYPE: laptop > CLICK > HOVER > CLICK > CLICK > CLICK > CLICK > CLICK > CLICK > TYPE: Brooklyn Central > CLICK > CLICK > TYPE: Concord > CLICK > TYPE: 1234 > CLICK > CLICK > TYPE: Boston > CLICK > CLICK > SELECT: AMC Artisan Films > CLICK > CLICK > SELECT: 2019 > CLICK > CLICK > TYPE: india > CLICK > CLICK > TYPE: 400 > CLICK > SELECT: UFC > CLICK > CLICK > CLICK > CLICK > TYPE: 500 > TYPE: mexican > CLICK > CLICK > CLICK > CLICK > CLICK > CLICK > CLICK > CLICK > CLICK > SELECT: 5:00 PM > CLICK > CLICK > CLICK > CLICK > CLICK > CLICK > CLICK > SELECT: 1 guest > CLICK
2	> CLICK > HOVER > CLICK > CLICK > CLICK > CLICK > HOVER > CLICK > TYPE: Nintendo Switch > TYPE: Leeds > CLICK > CLICK > CLICK > CLICK > CLICK > CLICK > CLICK > CLICK > CLICK > CLICK > CLICK > CLICK > TYPE: NAPA VALLEY > TYPE: south station > SELECT: PC > CLICK > CLICK > TYPE: houston > CLICK > CLICK > CLICK > CLICK > CLICK > CLICK > SELECT: Sort by Score > CLICK > CLICK > CLICK > CLICK > CLICK > CLICK > CLICK > SELECT: Wineries > TYPE: north station > CLICK > CLICK > CLICK > CLICK > CLICK > CLICK > CLICK > CLICK > CLICK > CLICK > CLICK > SELECT: 08 > CLICK > CLICK > CLICK > CLICK > CLICK > CLICK > TYPE: New > CLICK > SELECT: Most recent > CLICK > CLICK > CLICK > SELECT: 10:00 AM > SELECT: 23 > CLICK > SELECT: 4 guests > CLICK > CLICK > CLICK > SELECT: 2 > CLICK > CLICK 15 > CLICK > CLICK > CLICK > CLICK > CLICK > CLICK > SELECT: New > CLICK > CLICK > CLICK > CLICK > CLICK > CLICK > CLICK > CLICK > CLICK > CLICK > CLICK > CLICK > SELECT: New > CLICK > CLICK > CLICK > CLICK > CLICK
3	> CLICK > HOVER > TYPE: New York City > CLICK > CLICK > CLICK > CLICK > HOVER > CLICK > TYPE: edinburg > TYPE: projectors > TYPE: Allan > CLICK > CLICK > CLICK > CLICK > TYPE: nevada city > CLICK > CLICK > CLICK > CLICK > CLICK > TYPE: Smith > CLICK > CLICK > CLICK > CLICK > CLICK > TYPE: bhz > TYPE: HONOLULU > TYPE: James > TYPE: manchester > CLICK > TYPE: allan.smith@gmail.com > CLICK > TYPE: Boston > CLICK > CLICK > CLICK > CLICK > TYPE: Smith > CLICK > TYPE: allan.smith@gmail.com > CLICK > CLICK > CLICK > TYPE: ewn > CLICK > TYPE: 123st rd > CLICK > TYPE: 10001 > CLICK > SELECT: June 2023 > CLICK > CLICK > TYPE: abc@abc.com > CLICK > CLICK > CLICK > CLICK > CLICK > CLICK > CLICK > SELECT: 11:00 AM > CLICK > CLICK > HOVER > CLICK > CLICK > CLICK > CLICK > CLICK > SELECT: June 2023 > CLICK > CLICK > SELECT: 17 > CLICK > TYPE: lin.lon@gmail.com > CLICK > SELECT: 1:00 PM > TYPE: lin.lon@gmail.com > CLICK > CLICK > CLICK > CLICK > CLICK > CLICK > CLICK
4	> TYPE: Brooklyn > HOVER > CLICK > TYPE: gorillaz > CLICK > CLICK > CLICK > CLICK > CLICK > CLICK > CLICK > CLICK > CLICK > CLICK > CLICK > CLICK > CLICK > CLICK > CLICK > CLICK > CLICK > CLICK > CLICK > CLICK > CLICK > CLICK > CLICK > TYPE: 10001 > TYPE: 12345678 > CLICK > TYPE: 7528 East Mechanic Ave. Fargo, ND 58102 > CLICK > CLICK > CLICK > CLICK > CLICK > CLICK > CLICK > SELECT: Friday, April 7 > CLICK > ENTER > CLICK  High > CLICK > CLICK > CLICK > CLICK > CLICK > CLICK  High > TYPE: 200 > CLICK > CLICK > CLICK > HOVER > CLICK > CLICK Story > CLICK > SELECT: 22 > CLICK > CLICK > CLICK > CLICK > CLICK > CLICK > CLICK > CLICK > CLICK > CLICK > CLICK > CLICK > CLICK > CLICK > CLICK > CLICK > CLICK > CLICK > CLICK > CLICK > TYPE: Joe > TYPE: Bloggs > TYPE: 123456789 > CLICK
5	> CLICK > TYPE: bath towels > SELECT: AMC Grove City 14 > CLICK > CLICK > TYPE: wireless keyboard > CLICK > TYPE: gobites uno spork > CLICK > CLICK > HOVER > CLICK > CLICK > SELECT: 65 > CLICK > CLICK > CLICK > CLICK > CLICK > CLICK > CLICK > CLICK > CLICK > CLICK > SELECT: Tue, Mar 28 > CLICK > CLICK > CLICK > CLICK > CLICK > CLICK > CLICK > CLICK > CLICK > CLICK > CLICK > CLICK > CLICK > CLICK > CLICK > CLICK > SELECT: Price : low to high > CLICK > CLICK > CLICK > CLICK > CLICK > CLICK > CLICK > TYPE: JFK > CLICK > TYPE: 94043 > CLICK > CLICK > CLICK > CLICK > CLICK > CLICK > CLICK > CLICK > CLICK > CLICK > CLICK > TYPE: FREESHIP3093 > CLICK > CLICK > CLICK > TYPE: 70 > CLICK > TYPE: Seattle, WA > CLICK > CLICK > CLICK > CLICK > CLICK > CLICK > CLICK > TYPE: Heathrow > CLICK > TYPE: Happy Birthday Love > CLICK > CLICK > CLICK > SELECT: Lowest Price > CLICK > CLICK > TYPE: Stuart Bloom > CLICK > CLICK > CLICK > TYPE: 04/19/2023 > CLICK > TYPE: Denise > CLICK > CLICK > CLICK > TYPE: Bloom > CLICK > TYPE: Heathrow > CLICK > TYPE: denise.bloom@bbt.com > CLICK > CLICK > CLICK > TYPE: Debbi > CLICK > CLICK > TYPE: Wolowitz > TYPE: CDG > CLICK > TYPE: debbi.wo@bbt.com > CLICK > TYPE: 123456789 > CLICK > TYPE: 04/21/2023 > TYPE: 01 > CLICK > CLICK > SELECT: 2024 > CLICK > TYPE: 123 > TYPE: CDG > CLICK > CLICK > TYPE: JFK > CLICK > TYPE: 04/23/2023 > CLICK > SELECT: Total travel time
6	> TYPE: SPRINGFIELD > CLICK > TYPE: Ali Wong > CLICK > TYPE: Jerry Trainor > CLICK > CLICK > TYPE: headphones > CLICK > TYPE: mens hiking shoes > HOVER > CLICK > CLICK > CLICK > CLICK > CLICK > CLICK > TYPE: San Francisco > CLICK > CLICK > CLICK > CLICK > TYPE: AUSTIN > CLICK > CLICK > CLICK > CLICK > SELECT: Colorado > CLICK > CLICK 25 > CLICK > CLICK > CLICK > CLICK > CLICK > CLICK > CLICK > CLICK > CLICK > SELECT: Couple > CLICK  High > CLICK > CLICK > CLICK > CLICK > CLICK > CLICK > SELECT: Yes > CLICK > CLICK > CLICK > CLICK > CLICK > CLICK > CLICK > CLICK > CLICK > CLICK > CLICK > CLICK > CLICK > CLICK > CLICK > CLICK > CLICK > CLICK > CLICK > CLICK > CLICK > CLICK > CLICK > CLICK > CLICK > CLICK > CLICK > CLICK > CLICK > CLICK > CLICK > CLICK > CLICK > CLICK
7	> HOVER > CLICK > CLICK > CLICK > CLICK > CLICK > CLICK > CLICK > TYPE: BERLIN > CLICK > CLICK > CLICK > CLICK > CLICK > TYPE: New York, United States, 100 > CLICK > CLICK > TYPE: national university of singapore > CLICK > CLICK > CLICK > CLICK > TYPE: washington > TYPE: las vegas > CLICK > ENTER > CLICK > CLICK > CLICK > CLICK > TYPE: ZURICH > CLICK > CLICK > CLICK > CLICK > CLICK > CLICK > CLICK > CLICK > CLICK > CLICK > CLICK > CLICK > CLICK > CLICK > CLICK > CLICK > CLICK > CLICK > CLICK > CLICK > CLICK > CLICK > CLICK > CLICK > CLICK > CLICK > TYPE: Top Hip Hop > CLICK > CLICK > CLICK > CLICK > CLICK > CLICK > CLICK > SELECT: 08 > CLICK > TYPE: 45201 > CLICK > SELECT: 4 Guests > CLICK > CLICK > SELECT: 00 > CLICK > CLICK > CLICK > CLICK > CLICK > CLICK > CLICK > CLICK > SELECT: 11:00 AM > CLICK > CLICK > CLICK > CLICK > SELECT: 11:00 AM > CLICK > CLICK > CLICK > TYPE: washington > CLICK > CLICK > SELECT: Most recent > CLICK > SELECT: Distance from landmark > CLICK > CLICK > CLICK > CLICK > CLICK > CLICK > CLICK > TYPE: jacksparrow@gmail.com > CLICK > CLICK > CLICK > CLICK > CLICK > CLICK
8	> CLICK > CLICK > CLICK > CLICK > CLICK > CLICK > CLICK > TYPE: Selena Gomez > CLICK > CLICK > HOVER > CLICK > CLICK > CLICK > TYPE: orlando > CLICK > CLICK > CLICK > CLICK > CLICK > CLICK > CLICK > CLICK > CLICK > CLICK > CLICK > CLICK > CLICK > CLICK > CLICK > CLICK > CLICK > CLICK > CLICK > CLICK > CLICK > CLICK > CLICK > TYPE: Cincinnati > CLICK > CLICK > CLICK > CLICK > CLICK > CLICK > CLICK > CLICK > CLICK > SELECT: OH > CLICK > CLICK > CLICK > CLICK > CLICK > CLICK > CLICK > CLICK > CLICK > CLICK > CLICK > CLICK > CLICK > SELECT: 9:00 AM > CLICK > CLICK > CLICK > CLICK > TYPE: belo horizonte > CLICK > CLICK > SELECT: 9:00 AM > CLICK > CLICK > TYPE: Love > CLICK > CLICK > CLICK > CLICK > CLICK > CLICK > CLICK > CLICK > CLICK > TYPE: buenos aires > CLICK > CLICK > CLICK > CLICK > CLICK > CLICK > CLICK > CLICK > CLICK > CLICK > CLICK > CLICK > CLICK > CLICK > CLICK > CLICK > CLICK > CLICK > CLICK > CLICK > CLICK > CLICK > CLICK > CLICK > CLICK > CLICK > CLICK > CLICK > CLICK > CLICK > CLICK
9	> TYPE: wall art > CLICK > CLICK > TYPE: Tsiakkos & Charcoal > CLICK > CLICK > CLICK > CLICK > CLICK > CLICK > TYPE: addis ababa > CLICK > CLICK > TYPE: Athens > CLICK > TYPE: Santa Fe > CLICK > CLICK > TYPE: Manchester > TYPE: Kevin Durant > CLICK > CLICK > CLICK > CLICK > CLICK > CLICK > CLICK > CLICK > CLICK > CLICK > CLICK > CLICK > TYPE: accra > CLICK > CLICK > CLICK > CLICK > CLICK > CLICK > TYPE: columbus > CLICK > CLICK > CLICK > CLICK > CLICK > CLICK > CLICK > CLICK > CLICK > CLICK > CLICK > CLICK > TYPE: new orleans > CLICK > CLICK > CLICK > CLICK > SELECT: 10 > CLICK > CLICK > CLICK > CLICK > CLICK > CLICK > CLICK > CLICK > CLICK > CLICK > CLICK > CLICK > SELECT: Business or First > CLICK
10	> CLICK > CLICK > HOVER > CLICK > CLICK > CLICK > TYPE: nba2k23 > CLICK > TYPE: Santa Fe > CLICK > HOVER > CLICK > CLICK > CLICK > CLICK > CLICK > CLICK > TYPE: Golden State Warriors > CLICK > CLICK > CLICK > CLICK > CLICK > CLICK > CLICK > CLICK > CLICK > CLICK > TYPE: Phoenix > CLICK > CLICK > CLICK > CLICK > CLICK > CLICK > CLICK > CLICK > CLICK > CLICK > CLICK > CLICK > CLICK > CLICK > CLICK > CLICK > CLICK > CLICK > CLICK > CLICK > CLICK > CLICK > CLICK > CLICK > CLICK > CLICK > CLICK > CLICK > CLICK > TYPE: new york > CLICK > CLICK > CLICK > CLICK > CLICK > CLICK > CLICK > TYPE: london > CLICK > CLICK > CLICK > CLICK > CLICK > CLICK
11	> CLICK > CLICK > TYPE: scream > CLICK > CLICK > CLICK > TYPE: Panini Diamonds Kings Baseball cards > CLICK > CLICK > CLICK > CLICK > TYPE: James > CLICK > TYPE: Deathloop > CLICK > CLICK > CLICK > CLICK > CLICK > TYPE: chicago > TYPE: Brooklyn > TYPE: Smith > CLICK > CLICK > CLICK > CLICK > CLICK > CLICK > CLICK > CLICK > CLICK > TYPE: buckeye.foobar@gmail.com > CLICK > CLICK > CLICK > CLICK > CLICK > TYPE: los angeles > CLICK > TYPE: 8888888888 > CLICK > CLICK > CLICK > CLICK > CLICK > SELECT: Chicago > CLICK > CLICK > CLICK > CLICK > CLICK > TYPE: 123rd st > CLICK > CLICK > CLICK > CLICK > CLICK > HOVER > CLICK > TYPE: Directors > CLICK > CLICK > CLICK > CLICK > TYPE: To Watch > CLICK > CLICK > CLICK > CLICK > SELECT: People > SELECT: Lowest Price > CLICK > CLICK > CLICK > CLICK > CLICK > HOVER > CLICK > CLICK
12	> CLICK > CLICK > TYPE: larryknox@gmail.com > CLICK > CLICK > CLICK > CLICK > CLICK > CLICK > TYPE: mens black running shoes > TYPE: Birmingham > CLICK > CLICK > CLICK > TYPE: Alagnak > CLICK > CLICK > CLICK > CLICK > CLICK > CLICK > CLICK > TYPE: Seattle > CLICK > CLICK > CLICK > CLICK > CLICK > TYPE: Paris > CLICK > CLICK > CLICK > CLICK > CLICK > CLICK > CLICK > CLICK > CLICK > CLICK > CLICK > CLICK > TYPE: san diego > CLICK > CLICK > CLICK > CLICK > CLICK > CLICK > CLICK > CLICK > CLICK > CLICK > CLICK > CLICK > CLICK > CLICK > CLICK > CLICK > CLICK > CLICK > CLICK > CLICK > CLICK > CLICK > CLICK > CLICK > CLICK > CLICK > CLICK > CLICK > CLICK > CLICK > CLICK
13	> HOVER > CLICK > HOVER > CLICK > CLICK > CLICK > TYPE: trade in > CLICK > CLICK > TYPE: dog food > CLICK > CLICK > CLICK > CLICK > CLICK > CLICK > CLICK > TYPE: Katy Perry > TYPE: 1234567890 > CLICK > CLICK > CLICK > CLICK > CLICK > CLICK > CLICK > CLICK > CLICK > TYPE: Smith > CLICK > CLICK > CLICK > CLICK > CLICK > CLICK > CLICK > TYPE: Black Ops > CLICK > CLICK > CLICK > CLICK > CLICK > CLICK > CLICK > CLICK > CLICK > CLICK > CLICK > CLICK > CLICK > CLICK > CLICK > TYPE: NEW YORK > CLICK > CLICK > CLICK > CLICK > CLICK > CLICK > CLICK > CLICK > CLICK > SELECT: 4 > CLICK > TYPE: PARIS > SELECT: Under 1 > CLICK > CLICK > CLICK > CLICK > CLICK > CLICK > CLICK > CLICK > CLICK > CLICK > CLICK > CLICK > CLICK > CLICK > CLICK > CLICK > CLICK > CLICK > CLICK > CLICK > CLICK > CLICK > CLICK > TYPE: jfk > CLICK > CLICK > CLICK > CLICK > CLICK > TYPE: heathrow > CLICK > CLICK > CLICK > CLICK > CLICK
14	> CLICK > HOVER > CLICK > HOVER > CLICK > CLICK > CLICK > CLICK > TYPE: colombo > CLICK > TYPE: stewart hotel > CLICK > TYPE: Chennai > CLICK > CLICK > CLICK > CLICK > CLICK > CLICK > CLICK > CLICK > CLICK > CLICK > CLICK > CLICK > CLICK > CLICK > CLICK > TYPE: new york > CLICK > CLICK > SELECT: Price, low to high > CLICK > CLICK > TYPE: 10013 > CLICK > CLICK > CLICK > CLICK > CLICK > CLICK > CLICK > CLICK > CLICK > CLICK > TYPE: James > CLICK > CLICK > CLICK > CLICK > CLICK > TYPE: SMith > CLICK > CLICK > CLICK > CLICK > TYPE: 133 st avenue > CLICK > CLICK > CLICK > TYPE: New York > CLICK > CLICK > SELECT: New York > CLICK > TYPE: 10001 > CLICK > TYPE: 888888888 > CLICK > TYPE: buckeye.foobar@gmail.com > CLICK > TYPE: buckeye.foobar@gmail.com > CLICK > CLICK > CLICK > TYPE: Gua AB > CLICK > CLICK
15	> TYPE: radio city music hall > CLICK > HOVER > HOVER > CLICK > TYPE: Dubai > CLICK > CLICK > CLICK > CLICK > CLICK > SELECT: US$20 to US$40 > CLICK > CLICK > TYPE: O'hare Airport > CLICK > CLICK > CLICK > CLICK > CLICK > CLICK > SELECT: In stock (53476) > CLICK > CLICK > CLICK > CLICK > CLICK > CLICK > CLICK > CLICK > SELECT: Digital > TYPE: 123 Main St, West Chicago, IL > CLICK > TYPE: 12345678 > CLICK > CLICK > CLICK > SELECT: French (299) > CLICK > CLICK > TYPE: Jason > CLICK > CLICK > CLICK > CLICK > CLICK > TYPE: Two > CLICK > CLICK > CLICK > CLICK > CLICK > CLICK > CLICK > CLICK > CLICK > CLICK > CLICK > CLICK > SELECT: 2 > SELECT: Lowest Price > CLICK > CLICK > HOVER
16	> TYPE: Madison Square Garden > CLICK > HOVER > HOVER > CLICK > HOVER > CLICK > TYPE: MUMBAI > CLICK > CLICK > CLICK > TYPE: SHANGHAI > CLICK > CLICK > TYPE: Aquarium of Paris > CLICK > CLICK > CLICK > CLICK > CLICK > CLICK > CLICK  5 Days > CLICK > CLICK > CLICK > TYPE: LONDON > CLICK > CLICK > TYPE: SEOUL > CLICK > CLICK > CLICK > CLICK > TYPE: Atas > CLICK > CLICK > CLICK > CLICK > CLICK > CLICK > TYPE: 1000001 > CLICK > TYPE: James > CLICK > CLICK > CLICK > CLICK > CLICK > TYPE: Smith > CLICK > CLICK > CLICK > TYPE: abc@abc.com > CLICK > CLICK > CLICK > HOVER > CLICK > CLICK > CLICK > CLICK > CLICK > CLICK > CLICK > CLICK > CLICK > CLICK > CLICK > CLICK > CLICK > CLICK > CLICK > CLICK
17	> TYPE: New York City > CLICK > CLICK > CLICK > CLICK > CLICK > HOVER > CLICK > TYPE: Stanford, CA > CLICK > CLICK > TYPE: KATHMANDU > CLICK > CLICK > TYPE: mexico city > CLICK > CLICK > CLICK > TYPE: car accident lawyers > CLICK > CLICK > CLICK > HOVER > CLICK > CLICK > CLICK > CLICK > CLICK > CLICK > CLICK > CLICK > TYPE: SHANGHAI > CLICK > CLICK > CLICK > CLICK > CLICK > CLICK > CLICK > CLICK > CLICK > SELECT: Low to High > CLICK > CLICK > CLICK > CLICK > CLICK > CLICK > CLICK > CLICK > CLICK > CLICK > CLICK > CLICK > CLICK > CLICK > CLICK > CLICK > CLICK > CLICK > CLICK > CLICK > CLICK > CLICK > CLICK > CLICK > CLICK > CLICK > CLICK > CLICK > CLICK > CLICK > CLICK > CLICK > CLICK > CLICK > CLICK > CLICK > CLICK > CLICK > CLICK > CLICK > CLICK
18	> CLICK > CLICK > HOVER > CLICK > CLICK > TYPE: BIRMINGHAM > TYPE: cafe > CLICK > HOVER > CLICK > CLICK > CLICK > CLICK > CLICK > SELECT: BMW > CLICK > CLICK > CLICK > CLICK > CLICK > CLICK > CLICK > CLICK > CLICK > SELECT: i3 > CLICK > CLICK > CLICK > TYPE: new york city > TYPE: Monty > CLICK > CLICK > TYPE: 10001 > TYPE: MONTGOM > CLICK > CLICK > CLICK > TYPE: Lue > CLICK > CLICK > CLICK > CLICK > CLICK > CLICK > TYPE: 4847 > TYPE: Chicago > SELECT: Lowest price first > CLICK > CLICK > CLICK > TYPE: 10019 > CLICK > CLICK > CLICK > CLICK > CLICK > CLICK > SELECT: 11:00 AM > CLICK > CLICK > CLICK > CLICK > CLICK > CLICK > CLICK > CLICK > SELECT: 5:00 PM > CLICK > CLICK > CLICK > SELECT: Price: Low to High > CLICK > CLICK > TYPE: Wedding Anniversary > CLICK > CLICK > TYPE: John > TYPE: Mark > TYPE: Johnmark@gmail.com > TYPE: 234567890 > CLICK > HOVER
19	> CLICK > CLICK > HOVER > CLICK > SELECT: Tesla > CLICK > CLICK > CLICK > TYPE: Timesqure New York > TYPE: playstation gift card $10 > CLICK > CLICK > CLICK > CLICK > TYPE: 10017 > CLICK > TYPE: Texas City, Texas > CLICK > CLICK > CLICK > CLICK > CLICK > CLICK > CLICK > CLICK > CLICK > CLICK > CLICK > CLICK > CLICK > CLICK > CLICK > CLICK > CLICK > CLICK > CLICK > CLICK > CLICK > CLICK > CLICK > CLICK > CLICK > CLICK > CLICK > CLICK > CLICK > CLICK > CLICK > CLICK > CLICK > CLICK > CLICK > CLICK > CLICK > CLICK > CLICK > CLICK > CLICK > CLICK > CLICK > CLICK > CLICK > CLICK > CLICK
20	> CLICK > CLICK > CLICK > CLICK > HOVER > CLICK > TYPE: Google Play > CLICK > CLICK > CLICK > CLICK > CLICK > CLICK > CLICK > CLICK > CLICK > CLICK > TYPE: Oakland, CA > CLICK > CLICK > CLICK > CLICK > CLICK > TYPE: New York > CLICK > CLICK > CLICK > CLICK > CLICK > CLICK > CLICK > TYPE: Honolulu > TYPE: 10017 > CLICK > CLICK > CLICK > CLICK > CLICK > TYPE: Metformin 1000mg > CLICK > CLICK > CLICK > TYPE: abc@abc.com > TYPE: Hot Dogs > CLICK > CLICK > CLICK > TYPE: 1300 > SELECT: 2022 > CLICK > CLICK > CLICK > CLICK > TYPE: fre > CLICK > CLICK > SELECT: 2023 > CLICK > CLICK > CLICK > CLICK > CLICK > SELECT: 50 mi > CLICK > CLICK > CLICK > CLICK > CLICK > CLICK > SELECT: Most recent > CLICK > CLICK > CLICK > SELECT: Newest first (by car year) > CLICK
21	> TYPE: diamond stud earrings > TYPE: cough medicine > CLICK > HOVER > CLICK > CLICK > CLICK > HOVER > CLICK > CLICK > CLICK > CLICK > TYPE: Chicago > CLICK > CLICK > CLICK > CLICK > CLICK > TYPE: travel agent > TYPE: Alinea > CLICK > CLICK > CLICK > CLICK > CLICK > CLICK > CLICK > TYPE: SAN FRANCISCO > CLICK > CLICK > CLICK > CLICK > CLICK > TYPE: SHELDON > CLICK > CLICK > CLICK > CLICK > CLICK > CLICK > CLICK > TYPE: Grand Junction > CLICK > CLICK > TYPE: COOPER > CLICK > SELECT: Colorado > CLICK > SELECT: Sort by Price > CLICK > CLICK > CLICK > CLICK > CLICK > CLICK > CLICK > SELECT: 5:00 PM > SELECT: Arizona > CLICK  latest to soonest
22	> CLICK > CLICK > TYPE: New York City > CLICK > CLICK > CLICK > CLICK > HOVER > CLICK > SELECT: Delivery > CLICK > CLICK > CLICK > CLICK > CLICK > CLICK > CLICK > CLICK > CLICK > CLICK > CLICK > CLICK > SELECT: Sort by Price > CLICK > CLICK > CLICK > CLICK > CLICK > CLICK > TYPE: detroit > CLICK > CLICK > CLICK > CLICK > CLICK > CLICK > CLICK > CLICK > CLICK > CLICK > CLICK > CLICK > CLICK > CLICK > CLICK > CLICK > CLICK > CLICK > CLICK > CLICK > CLICK > CLICK > CLICK > CLICK > CLICK > SELECT: 6:00 PM > CLICK > CLICK > CLICK > CLICK > CLICK > CLICK > CLICK > CLICK > CLICK > CLICK > CLICK > CLICK > CLICK > CLICK
23	> TYPE: Tom Hanks > CLICK > CLICK > TYPE: Carribbean > CLICK > TYPE: lenovo laptop > CLICK > TYPE: Ed Sheeran > TYPE: La Bomba > CLICK > CLICK > CLICK > TYPE: Los Angeles > CLICK > CLICK > CLICK > CLICK > CLICK > CLICK > CLICK > CLICK > CLICK > CLICK > CLICK > CLICK > CLICK > CLICK > CLICK > CLICK > CLICK > TYPE: Joe Bloggs > CLICK > CLICK > CLICK > CLICK > CLICK > CLICK > CLICK > CLICK > CLICK > TYPE: 400 > CLICK > TYPE: CHICAGO > CLICK > CLICK > CLICK > CLICK > CLICK > CLICK > CLICK > CLICK > CLICK > CLICK > CLICK > SELECT: 8:15 PM > SELECT: 10 guests > CLICK > CLICK > CLICK > CLICK > CLICK > CLICK > CLICK
24	> CLICK > CLICK > CLICK > TYPE: NIAGRA FALLS > CLICK > TYPE: laptop > CLICK > TYPE: smith > CLICK > CLICK > CLICK > CLICK > TYPE: madurai > CLICK > CLICK > CLICK > CLICK > CLICK > CLICK > CLICK > TYPE: Abbotsford > CLICK > CLICK > CLICK > CLICK > TYPE: 700 > CLICK > CLICK > CLICK > CLICK > CLICK > CLICK > CLICK > CLICK > CLICK > CLICK > CLICK > CLICK > TYPE: Sheboygan > CLICK > CLICK > CLICK > CLICK > CLICK > CLICK > CLICK > CLICK > CLICK > TYPE: Dirty > CLICK > HOVER > CLICK > HOVER > CLICK > CLICK > CLICK > CLICK > CLICK > CLICK > TYPE: Doja Cat > CLICK > CLICK > CLICK > CLICK > CLICK > CLICK > CLICK > CLICK > CLICK > CLICK > CLICK > TYPE: Doja Cat > CLICK > CLICK > CLICK > CLICK > CLICK > CLICK > CLICK > CLICK > CLICK > TYPE: Doja Cat > CLICK > CLICK > CLICK > CLICK > CLICK > CLICK > CLICK > TYPE: Doja Cat > CLICK > CLICK > CLICK > CLICK > CLICK > CLICK > CLICK > TYPE: Doja Cat > CLICK > CLICK > CLICK > CLICK > CLICK > CLICK
25	> CLICK > CLICK > CLICK > CLICK > CLICK > HOVER > CLICK > CLICK > CLICK > CLICK > CLICK > CLICK > CLICK > CLICK > CLICK > CLICK > CLICK > TYPE: Taylor Swift > CLICK > CLICK > CLICK > TYPE: king of tokyo > CLICK > CLICK > CLICK > CLICK > TYPE: Uncharted Legacy of Thieves Collection > CLICK > TYPE: indian > CLICK > CLICK > CLICK > TYPE: roman empire history > CLICK > CLICK > CLICK > CLICK > CLICK > CLICK > CLICK > CLICK > CLICK > CLICK > CLICK > CLICK > CLICK > CLICK > CLICK > CLICK > CLICK > CLICK > CLICK > CLICK > CLICK > CLICK > CLICK > CLICK > CLICK > CLICK > CLICK > HOVER > CLICK > CLICK > CLICK > CLICK > CLICK > CLICK > CLICK > CLICK > CLICK > CLICK > CLICK > CLICK > CLICK > CLICK > CLICK > CLICK > CLICK > CLICK > CLICK > CLICK > CLICK > CLICK > CLICK > CLICK > CLICK > CLICK > CLICK
26	> TYPE: New York > CLICK > CLICK > TYPE: trash can automatic lid > TYPE: Roanoke > CLICK > CLICK > HOVER > CLICK > CLICK > CLICK > CLICK > CLICK > CLICK > CLICK > CLICK > CLICK > CLICK > CLICK > CLICK > TYPE: Alfred > CLICK > TYPE: 60 > CLICK > CLICK > CLICK > CLICK > TYPE: pizza > CLICK > CLICK > CLICK > CLICK > CLICK > CLICK > CLICK > ENTER > CLICK > CLICK > CLICK > CLICK > CLICK > CLICK > CLICK > CLICK > CLICK > CLICK > CLICK > CLICK > CLICK > CLICK > CLICK > CLICK > CLICK > CLICK > CLICK > SELECT: 1 Guest > CLICK > TYPE: Neo > CLICK > CLICK > CLICK > CLICK > CLICK > TYPE: Thomas > CLICK > CLICK > CLICK > CLICK > TYPE: 05/05/1995 > CLICK > CLICK > CLICK > TYPE: Texas city > CLICK > CLICK > CLICK 5258 > CLICK > CLICK > CLICK > TYPE: thomas.neo@gmail.com > CLICK > CLICK > TYPE: Anderson > CLICK > TYPE: po box 2846 > CLICK > TYPE: Texas > CLICK > CLICK > CLICK > CLICK > CLICK > CLICK > CLICK > CLICK
27	> TYPE: jaguar xf > CLICK > TYPE: The Last of Us > CLICK > CLICK > CLICK > CLICK > CLICK > CLICK > TYPE: Tokyo > CLICK > TYPE: Miami > CLICK > CLICK > CLICK > CLICK > CLICK > TYPE: 123456789 > CLICK > CLICK > CLICK > CLICK > CLICK > CLICK > CLICK > CLICK > CLICK > TYPE: Smith > CLICK > CLICK > TYPE: black > CLICK > CLICK > CLICK > CLICK > HOVER > CLICK > CLICK > CLICK > CLICK > CLICK > CLICK > CLICK > CLICK > CLICK > CLICK > CLICK > TYPE: Jaguar > CLICK > CLICK > CLICK > CLICK > TYPE: 500 > CLICK > CLICK > CLICK
28	> HOVER > TYPE: HOLLYWOOD > CLICK > CLICK > CLICK > CLICK > CLICK > CLICK > TYPE: thai > CLICK > CLICK > CLICK > CLICK > CLICK > CLICK > CLICK > TYPE: sports wear > CLICK > CLICK > CLICK > CLICK > CLICK > CLICK > TYPE: LOS ANGELES > TYPE: James Smith > CLICK > CLICK > CLICK > CLICK > CLICK > CLICK > CLICK > CLICK > CLICK > CLICK > SELECT: 7:00 PM > CLICK > CLICK > CLICK > CLICK > CLICK > CLICK > CLICK > CLICK > SELECT: July 2023 > CLICK > CLICK > CLICK > CLICK > CLICK > CLICK > CLICK > CLICK > CLICK > TYPE: 150 > CLICK > SELECT: 1:00 PM > TYPE: 200 > CLICK > SELECT: 2:00 PM > CLICK > CLICK > SELECT: Vietnam > CLICK > CLICK > CLICK > CLICK > CLICK > CLICK > CLICK > CLICK
29	> CLICK > CLICK > CLICK > CLICK > CLICK > CLICK > CLICK > TYPE: JFK > CLICK > TYPE: mumbai > HOVER > CLICK > CLICK > CLICK > CLICK > CLICK > CLICK > CLICK > CLICK > CLICK > CLICK > CLICK > CLICK > SELECT: 2010 > TYPE: 4 > CLICK > CLICK > CLICK > CLICK > CLICK > CLICK > TYPE: Spain > CLICK > CLICK > CLICK > CLICK > CLICK > CLICK > CLICK > CLICK > CLICK > SELECT: 2010 > CLICK > CLICK > SELECT: 11:00 AM > CLICK > CLICK > CLICK > CLICK > SELECT: Price: Low to High > CLICK > CLICK > CLICK > SELECT: 11:00 AM > CLICK > CLICK > CLICK > CLICK > CLICK > CLICK > CLICK > CLICK > CLICK > CLICK > CLICK > CLICK > CLICK > CLICK > CLICK > CLICK > CLICK > CLICK > CLICK > CLICK > CLICK > SELECT: 5:00 PM > CLICK > CLICK > CLICK > CLICK > SELECT: Low to High > CLICK > CLICK > CLICK > CLICK > CLICK > CLICK > CLICK > CLICK > SELECT: Price: Low to High > CLICK
30	> CLICK > TYPE: Fiji > CLICK > HOVER > CLICK > CLICK > CLICK > TYPE: sofi stadium > CLICK > CLICK > CLICK > CLICK > CLICK > CLICK > CLICK > SELECT: 2020 > TYPE: Elden Ring > CLICK > CLICK > CLICK > CLICK > CLICK > CLICK > CLICK > CLICK > CLICK > CLICK > CLICK > CLICK > CLICK > CLICK > CLICK > CLICK > CLICK > CLICK > CLICK > CLICK > CLICK > CLICK > TYPE: New York > CLICK > CLICK > CLICK > CLICK > SELECT: In Stock (41,088) > CLICK > CLICK > SELECT: Hardback (13,067)  Lowest > TYPE: Tokyo > SELECT: Under US$20 > CLICK > CLICK > CLICK > CLICK > CLICK > CLICK > CLICK > CLICK
31	> CLICK > CLICK > CLICK > TYPE: shirt > TYPE: Queensboro plaza > CLICK > CLICK > TYPE: Thalia Hall > TYPE: benadryl > HOVER > CLICK > TYPE: 25504 > CLICK > ENTER > CLICK > CLICK > CLICK > CLICK > CLICK > CLICK > CLICK > CLICK > TYPE: 1648926800 > CLICK > TYPE: Grand Central, NY > CLICK > CLICK > CLICK > CLICK > CLICK > CLICK > CLICK > SELECT: Hindi > CLICK > CLICK > CLICK > CLICK > CLICK > CLICK > CLICK > CLICK > CLICK > CLICK > CLICK > CLICK > CLICK > CLICK > CLICK > TYPE: 10 > CLICK > CLICK > CLICK > CLICK > CLICK > CLICK > CLICK > CLICK > CLICK > CLICK > CLICK > CLICK > CLICK > CLICK > CLICK > CLICK > CLICK > CLICK > CLICK > TYPE: 5 > TYPE: 10 > CLICK > CLICK > CLICK > CLICK > CLICK > CLICK > CLICK > CLICK > CLICK > CLICK
32	> CLICK > TYPE: Sam Harris > CLICK > TYPE: black stroller > CLICK > CLICK > CLICK > CLICK > TYPE: Chicago > CLICK > CLICK > CLICK > TYPE: 123456 > CLICK > CLICK > CLICK > TYPE: ps5 > CLICK > CLICK > CLICK > CLICK > CLICK > TYPE: Smith > CLICK > CLICK > CLICK > CLICK > TYPE: Paris > CLICK > CLICK > CLICK > CLICK > CLICK > CLICK > CLICK > CLICK > CLICK > HOVER > CLICK > CLICK > CLICK > TYPE: 66 perry st > CLICK > CLICK > CLICK > CLICK > CLICK > CLICK > CLICK > CLICK > CLICK > CLICK > CLICK > CLICK > CLICK > CLICK > CLICK > CLICK > CLICK > CLICK > CLICK > CLICK > CLICK > CLICK > CLICK > CLICK > CLICK > CLICK > CLICK > CLICK
33	> CLICK > TYPE: toilet paper > CLICK > TYPE: Ohio > TYPE: Greenport > CLICK > TYPE: Hotels > CLICK > CLICK > CLICK > CLICK > CLICK > CLICK > CLICK > CLICK > TYPE: rare books > CLICK > CLICK > CLICK > TYPE: New York > CLICK > CLICK > TYPE: New York > TYPE: Oyster Bay > CLICK > TYPE: Mexico > CLICK > CLICK > CLICK > CLICK > CLICK > CLICK > CLICK > CLICK > CLICK > CLICK > TYPE: Toronto > CLICK > CLICK > CLICK > CLICK > CLICK > CLICK > CLICK > CLICK > CLICK > TYPE: laundry detergent > CLICK > SELECT: Train > CLICK > CLICK > CLICK > CLICK > CLICK > SELECT: Bus > CLICK > CLICK > CLICK > CLICK > CLICK > CLICK
34	> CLICK > CLICK > CLICK > CLICK > CLICK > CLICK > CLICK > TYPE: smartwatch > CLICK > CLICK > TYPE: New york knicks > CLICK > CLICK > CLICK > TYPE: Bay Shore > TYPE: musical instruments > CLICK > CLICK > SELECT: Under US$20 > SELECT: 2012 > CLICK > CLICK > TYPE: new york > CLICK > CLICK > CLICK > CLICK > CLICK > SELECT: Hardback > CLICK > CLICK > CLICK > CLICK > TYPE: Breakneck ridge > CLICK > TYPE: Europe > CLICK > CLICK > CLICK > CLICK > TYPE: male > CLICK > CLICK > CLICK > CLICK > SELECT: Honda > CLICK > CLICK > CLICK > CLICK > SELECT: Civic > CLICK > CLICK > CLICK > CLICK > CLICK > SELECT: 8 > CLICK > CLICK > CLICK > SELECT: 37 > CLICK > CLICK > SELECT: AM > CLICK > CLICK > CLICK > CLICK > CLICK > CLICK
35	> CLICK > CLICK > CLICK > TYPE: Calgary > TYPE: 52nd street, brooklyn > CLICK > HOVER > CLICK > HOVER > HOVER > CLICK > CLICK > CLICK > CLICK > CLICK > TYPE: vintage clothing > CLICK > CLICK > CLICK > CLICK > CLICK > CLICK > CLICK > TYPE: New York > TYPE: 74th street, brooklyn > CLICK piston) (26) > CLICK > CLICK > CLICK > TYPE: 50 > CLICK > CLICK > CLICK > CLICK > CLICK > CLICK > SELECT: Audio (376) > TYPE: 50000 > TYPE: 100 > TYPE: JFK > CLICK > CLICK > CLICK > CLICK > CLICK > SELECT: Under US$20 > CLICK > CLICK > CLICK > CLICK > CLICK > CLICK > CLICK > CLICK > CLICK > CLICK > CLICK > CLICK > CLICK > CLICK > CLICK > CLICK > TYPE: Heathrow > CLICK > CLICK > CLICK > CLICK > CLICK > TYPE: 04/22/2023 > CLICK > SELECT: 1 > CLICK 64) > CLICK > SELECT: Lowest fare > CLICK > CLICK > CLICK > CLICK > CLICK
36	"> CLICK > CLICK > TYPE: Pizza > CLICK > TYPE: resident evil > CLICK > CLICK > CLICK > TYPE: Harry Potter > HOVER > CLICK > CLICK > CLICK > TYPE: KCCR > CLICK > SELECT: Toyota > CLICK > CLICK > CLICK > CLICK > CLICK > TYPE: TX > SELECT: 6 Guests > CLICK > CLICK > SELECT: Corolla > SELECT: Aegean Airlines ""Aegean"" (AEE) (452) > TYPE: Carla > CLICK > SELECT: Kia > CLICK > CLICK > CLICK > CLICK > TYPE: 10019 > TYPE: Cahill > CLICK > SELECT: Carnival > CLICK > CLICK > CLICK > CLICK > CLICK > TYPE: 11101 > CLICK > CLICK > SELECT: Lowest price first > CLICK > CLICK > CLICK > CLICK > CLICK > HOVER > CLICK > TYPE: Michael Cahill > CLICK > TYPE: cahillm@gmail.com > CLICK > CLICK > CLICK > CLICK > CLICK"
37	> TYPE: Dick > CLICK > CLICK > CLICK > CLICK > HOVER > TYPE: 039028 > CLICK > CLICK > TYPE: dayquil > TYPE: Smith > TYPE: Smith > CLICK > CLICK > TYPE: Prometheus > CLICK > CLICK > CLICK > CLICK > CLICK > TYPE: smith@gmail.com > TYPE: X899987799 > CLICK > TYPE: Chicago Bulls > CLICK > TYPE: 50000 > CLICK > CLICK > CLICK > SELECT: Six Flags Magic Mountain / Los Angeles, CA > HOVER > CLICK > CLICK > CLICK > TYPE: 10000 > CLICK > CLICK > CLICK > CLICK > CLICK > CLICK > CLICK > CLICK > CLICK > SELECT: 2 Guests > CLICK > TYPE: 4 > CLICK > CLICK > CLICK > CLICK
38	> TYPE: Los Angeles > CLICK > CLICK > CLICK > TYPE: The Elephant Whisperers > TYPE: skiing > HOVER > CLICK > CLICK > CLICK > CLICK > TYPE: san antonio > CLICK > CLICK > CLICK > CLICK > CLICK > CLICK > SELECT: 2006 > CLICK > CLICK > CLICK > CLICK > TYPE: NEW YORK > CLICK > CLICK > CLICK > CLICK > SELECT: Honda > CLICK > CLICK > TYPE: washington > CLICK > CLICK > TYPE: The Magician's Elephant > CLICK > CLICK > SELECT: Civic > CLICK > CLICK > CLICK > SELECT: Events > CLICK > CLICK > CLICK > CLICK > CLICK > CLICK > CLICK > SELECT: Next month > CLICK > CLICK > CLICK > CLICK > CLICK > CLICK > SELECT: 3 Tickets > CLICK > CLICK > CLICK > CLICK > CLICK > CLICK > CLICK > CLICK > CLICK > CLICK > CLICK > CLICK > CLICK > CLICK > CLICK > CLICK > CLICK > CLICK > CLICK > CLICK > CLICK
39	> CLICK > TYPE: travel credit > CLICK > TYPE: coffee shop > TYPE: Aaron Horvath > CLICK > SELECT: Airport > HOVER > CLICK > CLICK > CLICK > ENTER > TYPE: Ariana Grande > CLICK > CLICK > CLICK > TYPE: Camarillo > CLICK > CLICK > CLICK > CLICK > CLICK > CLICK > CLICK > CLICK > CLICK > CLICK > TYPE: WEST HOLLYWOOD > SELECT: US$20 to US$40 > CLICK > CLICK > TYPE: sin > CLICK > CLICK > CLICK > CLICK > CLICK > TYPE: 10003  Low > TYPE: 1234567 > CLICK > CLICK > CLICK > CLICK > CLICK > CLICK > CLICK > CLICK > CLICK > CLICK > CLICK > CLICK > CLICK > CLICK > CLICK > CLICK > CLICK > CLICK
40	> CLICK > CLICK > CLICK > CLICK > HOVER > CLICK > CLICK > TYPE: thai restaurants > TYPE: Jk rowling > CLICK > TYPE: Western Digital internal SSD 1 TB > TYPE: 1HGCM66543A064159 > CLICK > TYPE: Greenville > CLICK > CLICK > CLICK > CLICK > CLICK > CLICK > CLICK > CLICK > CLICK > CLICK > CLICK > CLICK > CLICK > CLICK > SELECT: Publication date, new to old > CLICK > CLICK > TYPE: 49102 > CLICK > CLICK > TYPE: 26807 > CLICK > CLICK > CLICK > CLICK > CLICK > CLICK > CLICK > TYPE: McDonalds > CLICK > CLICK > CLICK 5 (31) > CLICK > CLICK > TYPE: 155000 > CLICK > CLICK > TYPE: Walgreens > CLICK > SELECT: Under US$20 > TYPE: 1000 > CLICK > CLICK > CLICK > CLICK > CLICK > CLICK > CLICK > TYPE: 8GB Ram > CLICK > CLICK > CLICK > CLICK > CLICK > CLICK > CLICK > CLICK > CLICK > CLICK > CLICK > CLICK > CLICK > SELECT: Good > CLICK > CLICK > SELECT: Good To Go > CLICK > CLICK > CLICK > CLICK > CLICK > CLICK > CLICK > CLICK > CLICK > CLICK > CLICK > CLICK > CLICK > CLICK > CLICK > CLICK > CLICK > CLICK > CLICK > CLICK > CLICK > CLICK > CLICK > CLICK > CLICK > CLICK > CLICK > CLICK > CLICK > CLICK > CLICK > CLICK > CLICK > CLICK > CLICK > CLICK > CLICK
41	> CLICK > HOVER > CLICK > TYPE: barbershop > TYPE: lebron james > CLICK > CLICK > TYPE: Pune > TYPE: Chicago > CLICK > CLICK > CLICK > CLICK > CLICK > CLICK > CLICK > CLICK > CLICK > CLICK > CLICK > CLICK > TYPE: AUCKLAND > CLICK > CLICK > CLICK > SELECT: UNITED STATES > CLICK > TYPE: New York > TYPE: London > CLICK > CLICK > CLICK > CLICK > CLICK > CLICK > TYPE: smith > CLICK > CLICK > CLICK > CLICK > CLICK > CLICK > HOVER > CLICK > CLICK > TYPE: 123456 > CLICK > CLICK > CLICK > CLICK > CLICK > CLICK > CLICK > CLICK > CLICK > SELECT: 10:00 AM > CLICK > CLICK > CLICK > CLICK > CLICK > CLICK > CLICK > SELECT: 5:00 PM > CLICK > CLICK > CLICK > CLICK > CLICK
42	> CLICK > CLICK > CLICK > CLICK > CLICK > CLICK > CLICK > CLICK > CLICK > HOVER > CLICK > CLICK > CLICK > CLICK > CLICK > CLICK > CLICK > CLICK > CLICK > CLICK > CLICK > CLICK > CLICK > CLICK > CLICK > CLICK > CLICK > CLICK > CLICK > CLICK > CLICK > SELECT: AUSTRALIA > CLICK > HOVER > CLICK > CLICK > TYPE: developer > TYPE: Dota 2 > CLICK > TYPE: Walker > CLICK > CLICK > CLICK > TYPE: dallas > CLICK > CLICK > TYPE: A987654 > CLICK > CLICK > CLICK > CLICK > CLICK > CLICK > CLICK > CLICK > CLICK > TYPE: 8 > CLICK > CLICK > CLICK > CLICK > CLICK
43	> CLICK > HOVER > TYPE: Manhattan > HOVER > TYPE: Tokyo > CLICK > CLICK > CLICK > CLICK > CLICK > CLICK > CLICK > CLICK > CLICK > CLICK > CLICK > CLICK > TYPE: faro > TYPE: san francisco > CLICK > TYPE: Prometheus > CLICK > CLICK > CLICK > CLICK > TYPE: Boston > CLICK > CLICK > CLICK > CLICK > CLICK > CLICK > CLICK > CLICK > CLICK > TYPE: bournemouth > TYPE: new york > CLICK > CLICK > CLICK > CLICK > CLICK > CLICK > CLICK > CLICK > CLICK > SELECT: 3:00 PM > CLICK > CLICK > CLICK > SELECT: 2 > CLICK > SELECT: 6:00 PM > CLICK > CLICK > CLICK > CLICK > CLICK > CLICK > CLICK > CLICK > CLICK > CLICK > CLICK > CLICK > CLICK > CLICK > CLICK > CLICK > CLICK > CLICK > TYPE: 1 > CLICK > CLICK > TYPE: 20 > CLICK > SELECT: First > CLICK > CLICK > CLICK > CLICK > TYPE: Joe > TYPE: Bloggs > CLICK > CLICK > CLICK > CLICK > CLICK > CLICK > CLICK > CLICK > CLICK > CLICK > CLICK
44	> CLICK > CLICK > CLICK > CLICK > CLICK > CLICK > TYPE: Atlantis > CLICK > CLICK > TYPE: Fallout 4 > CLICK > CLICK > CLICK > TYPE: Membership tier > TYPE: London > CLICK > CLICK > CLICK > CLICK > CLICK > CLICK > CLICK > CLICK > CLICK > CLICK > CLICK > CLICK > CLICK > CLICK > SELECT: 1995 > CLICK > CLICK > CLICK > TYPE: New York > CLICK > CLICK > CLICK > TYPE: 1234567890123 > CLICK > CLICK > CLICK > CLICK > TYPE: 07470 > CLICK > CLICK > CLICK > CLICK > CLICK > CLICK > CLICK > CLICK > CLICK > TYPE: John > CLICK > CLICK > CLICK > CLICK > TYPE: James > CLICK > CLICK > CLICK > CLICK > CLICK > TYPE: Smith > TYPE: Davis > CLICK > CLICK > CLICK > CLICK > TYPE: buckeye.foobar@gmail.com > CLICK > CLICK > CLICK > CLICK > CLICK > CLICK > CLICK > CLICK > CLICK > CLICK > CLICK > CLICK > CLICK > CLICK > CLICK > CLICK > CLICK > CLICK > CLICK > CLICK > CLICK > CLICK > CLICK > CLICK > CLICK > CLICK > CLICK > CLICK > CLICK > CLICK > CLICK > CLICK > CLICK
45	> CLICK > CLICK > CLICK > CLICK > CLICK > TYPE: Mark Knight > CLICK > HOVER > CLICK > CLICK > CLICK > CLICK > CLICK > TYPE: 123456 > CLICK > CLICK > CLICK > CLICK > CLICK > CLICK > CLICK > CLICK > CLICK > CLICK > CLICK > CLICK > CLICK > CLICK > CLICK > CLICK > CLICK > CLICK > CLICK > CLICK > CLICK > CLICK > TYPE: 1234567890123 > CLICK > CLICK > TYPE: Smith > CLICK > CLICK > CLICK > CLICK > CLICK > TYPE: Davis > CLICK > CLICK
46	> CLICK > CLICK > CLICK > CLICK > CLICK > TYPE: SOUTH AFRICAN HISTORY PODCAST > CLICK > CLICK > CLICK > HOVER > TYPE: 2983 Marietta Street > CLICK > CLICK > CLICK > CLICK > CLICK > CLICK > CLICK > CLICK > CLICK > CLICK > CLICK > CLICK > CLICK > CLICK > CLICK > SELECT: XL shirts > CLICK > CLICK > TYPE: 2 > CLICK > CLICK > CLICK > CLICK > CLICK > CLICK > CLICK > SELECT: PS5 > CLICK > TYPE: Buck > CLICK > CLICK > CLICK > CLICK > CLICK > CLICK > CLICK > CLICK > CLICK > SELECT: 7 Guests > CLICK > CLICK > CLICK > CLICK > CLICK > CLICK > CLICK > CLICK > CLICK > CLICK > CLICK > CLICK > CLICK > CLICK > CLICK > CLICK
47	> TYPE: dog treats > CLICK > CLICK > TYPE: Avatar The Way of Water > CLICK > CLICK > TYPE: PARIS > CLICK > CLICK > CLICK > CLICK > CLICK > CLICK > CLICK > CLICK > CLICK > CLICK > TYPE: 10017 > TYPE: Guardians of the Galaxy > TYPE: Los Angeles, CA > CLICK > TYPE: WASHINGTON > CLICK > CLICK > TYPE: Accounting > CLICK > TYPE: MILAN > CLICK > CLICK > CLICK > CLICK > CLICK > CLICK > CLICK > CLICK > CLICK > CLICK > TYPE: Miami, FL > CLICK > TYPE: NEW YORK > CLICK > CLICK > CLICK > TYPE: Miami, FL > CLICK > CLICK > CLICK > CLICK > CLICK > CLICK > CLICK > CLICK > CLICK > CLICK > CLICK > CLICK > CLICK > CLICK > CLICK > CLICK > CLICK > CLICK > CLICK > CLICK > CLICK > CLICK > CLICK > SELECT: 16 > CLICK > CLICK > CLICK > CLICK > SELECT: 12 > CLICK > SELECT: 00 > CLICK > CLICK > CLICK > CLICK > CLICK > CLICK > CLICK > CLICK > CLICK > CLICK > CLICK
48	> CLICK > HOVER > TYPE: vegetarian > CLICK > CLICK > CLICK > TYPE: london > CLICK > CLICK > CLICK > TYPE: Daytona > CLICK > CLICK > CLICK > CLICK > CLICK > CLICK > CLICK > CLICK > CLICK > CLICK > CLICK > CLICK > CLICK > CLICK > TYPE: Houston > TYPE: sheffield > CLICK > CLICK > CLICK > CLICK > CLICK > CLICK > CLICK > CLICK > CLICK > CLICK > CLICK > CLICK > CLICK > CLICK > CLICK > CLICK > CLICK > CLICK > CLICK > CLICK > CLICK > CLICK > CLICK > CLICK > CLICK > CLICK > CLICK > CLICK > CLICK > SELECT: Leaving at > CLICK > CLICK > CLICK > TYPE: 07055 > CLICK > SELECT: 10 > CLICK > CLICK > SELECT: Newest > CLICK > SELECT: 45 > CLICK > CLICK > CLICK > CLICK > CLICK > SELECT: 2 > CLICK > CLICK > CLICK > CLICK > CLICK > CLICK > CLICK > CLICK > CLICK
49	> CLICK > CLICK > TYPE: high tide > CLICK > CLICK > CLICK > CLICK > CLICK > CLICK > CLICK > TYPE: udupi > CLICK > CLICK > CLICK > CLICK > SELECT: Audi > CLICK > CLICK > CLICK > CLICK > CLICK > CLICK > CLICK > CLICK > TYPE: 07055 > SELECT: A6 > TYPE: Taylor Swift > CLICK > CLICK > CLICK > SELECT: 5:00 PM > CLICK > CLICK > CLICK > SELECT: 2020 > SELECT: 1 Months Ago > HOVER > CLICK > CLICK > SELECT: 8:00 PM > SELECT: 2 Guests > CLICK > CLICK > CLICK > CLICK > CLICK > CLICK > CLICK > CLICK > CLICK > TYPE: DL145 > CLICK > CLICK > CLICK > CLICK > CLICK > CLICK > CLICK > CLICK > CLICK > CLICK > CLICK > CLICK > CLICK > CLICK > CLICK > CLICK > CLICK > CLICK
50	> CLICK > HOVER > CLICK > CLICK > TYPE: xbox wireless controller > CLICK > CLICK > TYPE: pedicure salon > CLICK > CLICK > CLICK > CLICK > CLICK > CLICK > CLICK > TYPE: XA1234 > CLICK > TYPE: New York > CLICK > CLICK > CLICK > CLICK > TYPE: diner > CLICK > CLICK > SELECT: AZ > CLICK > CLICK > TYPE: Brooklyn > CLICK > CLICK > CLICK > CLICK > CLICK > HOVER > CLICK > CLICK > CLICK > CLICK > CLICK > SELECT: 3 Guests > CLICK > CLICK > CLICK > CLICK > CLICK > CLICK > CLICK > CLICK > CLICK > CLICK > CLICK > CLICK > CLICK > CLICK > CLICK > CLICK > CLICK > CLICK > CLICK > CLICK > CLICK > CLICK > CLICK > CLICK > HOVER > CLICK > CLICK > CLICK > CLICK > CLICK
51	> HOVER > TYPE: Nintendo Switch Console > CLICK > CLICK > CLICK > CLICK > CLICK > CLICK > HOVER > CLICK > CLICK > CLICK > CLICK > TYPE: X123456789 > CLICK > CLICK > CLICK > CLICK > CLICK > CLICK > CLICK > TYPE: 400 > CLICK > TYPE: buckeye.foobar@gmail.com > CLICK > CLICK > CLICK > CLICK > TYPE: jfk > CLICK > CLICK > CLICK > HOVER > CLICK > CLICK > CLICK > CLICK > CLICK > CLICK > CLICK > CLICK > CLICK > CLICK > TYPE: jfk > CLICK > CLICK > CLICK > CLICK > CLICK > CLICK > CLICK > CLICK > CLICK > CLICK > CLICK > SELECT: 9:00 am > SELECT: 6:00 pm > CLICK > CLICK > CLICK > SELECT: Total Price
52	> TYPE: Ballet > CLICK > CLICK > TYPE: recipe > HOVER > HOVER > CLICK > CLICK > CLICK > TYPE: Los Angeles > CLICK > CLICK > CLICK > CLICK > CLICK > CLICK > CLICK > TYPE: new york > CLICK > CLICK > CLICK > CLICK > TYPE: north las vegas > SELECT: In Stock (7,640) > CLICK > SELECT: Jeep > CLICK > CLICK > CLICK > CLICK > CLICK > CLICK > SELECT: Spanish (42) > CLICK > SELECT: Compass > CLICK > CLICK > CLICK > CLICK > CLICK > SELECT: Paperback (39,356) > CLICK > TYPE: 59316 > CLICK > CLICK > CLICK > CLICK > SELECT: 500 mi > CLICK > CLICK > CLICK > CLICK > CLICK > SELECT: 6:00 PM > CLICK > CLICK > SELECT: 11:00 PM > CLICK > CLICK > CLICK > SELECT: Lowest mileage first > CLICK > CLICK > CLICK > CLICK > CLICK > CLICK > CLICK > CLICK > CLICK > CLICK > CLICK > CLICK > CLICK > CLICK
53	> HOVER > CLICK > TYPE: rock > CLICK > CLICK > CLICK > CLICK > CLICK > CLICK > TYPE: TEL AVIV > HOVER > CLICK > CLICK > CLICK > CLICK > CLICK > CLICK > CLICK > CLICK > CLICK > CLICK > CLICK > CLICK > CLICK > TYPE: pasta > CLICK > CLICK > CLICK > CLICK > TYPE: VENICE > CLICK > CLICK > CLICK > ENTER > CLICK > CLICK > CLICK > CLICK > CLICK > CLICK > CLICK > CLICK > CLICK > CLICK > CLICK > CLICK > CLICK > CLICK > CLICK > CLICK > CLICK > CLICK > CLICK > CLICK > CLICK > CLICK > CLICK > CLICK > CLICK > CLICK > CLICK > CLICK > CLICK > CLICK > CLICK > CLICK > TYPE: 1000001 > CLICK > CLICK > CLICK > CLICK > CLICK > CLICK > CLICK > CLICK > HOVER
54	> TYPE: red sox vs yankees > CLICK > TYPE: Chill > CLICK > TYPE: CHIANTI > TYPE: Shubert Theatre > TYPE: ukulele > CLICK > CLICK > CLICK > CLICK > TYPE: Paris Charles de Gaulle Airport (CDG) > CLICK > CLICK > SELECT: 4 Guests > CLICK > CLICK > CLICK > CLICK > TYPE: Athens, Attica, Greeece > CLICK > CLICK > CLICK > CLICK > CLICK > CLICK > CLICK > CLICK > CLICK > CLICK > CLICK > CLICK > CLICK > CLICK > CLICK > CLICK > CLICK > CLICK > CLICK > HOVER > CLICK > CLICK > CLICK > CLICK > CLICK > CLICK > CLICK > CLICK > CLICK > TYPE: 200 > CLICK > CLICK > CLICK > CLICK > CLICK > CLICK > CLICK > CLICK > CLICK > CLICK
55	> CLICK > CLICK > HOVER > CLICK > CLICK > CLICK > CLICK > CLICK > TYPE: Nirvana > CLICK > CLICK > TYPE: James Smith > CLICK > CLICK > CLICK > CLICK > CLICK > CLICK > CLICK > CLICK > CLICK > TYPE: buckeye.foobar@gmail.com > TYPE: 25000 > CLICK > SELECT: 1 Ticket > CLICK > CLICK > TYPE: TEXAS CITY > CLICK > CLICK > CLICK > TYPE: X123456 > TYPE: 5000 > CLICK > CLICK > CLICK > CLICK > CLICK > CLICK > TYPE: 08/04/23 > TYPE: 12 > CLICK > CLICK > CLICK > CLICK > CLICK > TYPE: Harry Potter Box Set > CLICK > CLICK > CLICK > CLICK > TYPE: Not available at address > CLICK > CLICK > HOVER > CLICK > CLICK > CLICK > CLICK > CLICK > CLICK > CLICK > CLICK > CLICK > CLICK > CLICK > CLICK > CLICK > CLICK > CLICK > CLICK > CLICK > CLICK > CLICK > CLICK > CLICK > CLICK
56	> CLICK > TYPE: Hamilton > CLICK > CLICK > HOVER > TYPE: MOMA > TYPE: beauty salons > CLICK > TYPE: Venice Beach > TYPE: black sleeping bag > CLICK > CLICK > SELECT: Lexus > CLICK > CLICK > CLICK > CLICK > CLICK > CLICK > CLICK > CLICK > SELECT: RX > CLICK > CLICK > CLICK > TYPE: Seattle, WA > SELECT: 2020 > CLICK > TYPE: 40 > CLICK > TYPE: 90012 > CLICK > CLICK > CLICK > CLICK > SELECT: Press Releases > CLICK > TYPE: 0 > CLICK > CLICK > CLICK > CLICK > CLICK > CLICK > CLICK > CLICK > SELECT: 2017 > CLICK > CLICK > CLICK > SELECT: 2017 > CLICK > CLICK > CLICK > CLICK > CLICK > CLICK > CLICK > SELECT: Lowest price first > CLICK > CLICK > CLICK > CLICK > CLICK > CLICK > CLICK > CLICK > CLICK > CLICK > CLICK > CLICK > CLICK > CLICK > CLICK > CLICK > CLICK > CLICK > CLICK > CLICK > CLICK > CLICK
57	> CLICK > TYPE: professional boxing > HOVER > CLICK > CLICK > TYPE: Houston > CLICK > CLICK > TYPE: Disneyland > CLICK > CLICK > CLICK > CLICK > CLICK > CLICK > CLICK > TYPE: hawaii > CLICK > ENTER > TYPE: empire state building > CLICK > CLICK > CLICK > CLICK > CLICK > TYPE: Dallas > CLICK > TYPE: 60538 > CLICK > CLICK > CLICK > CLICK > TYPE: Los Angeles > CLICK > CLICK > CLICK > CLICK > CLICK > CLICK > CLICK > CLICK > CLICK > CLICK > CLICK > TYPE: 60538 > CLICK > TYPE: little caribbean > CLICK > TYPE: Miami > CLICK > CLICK > CLICK > CLICK > CLICK > CLICK > CLICK > CLICK > CLICK > CLICK > CLICK > CLICK > CLICK > CLICK > CLICK > CLICK > TYPE: Magtag electric dryer > SELECT: Walking > CLICK > CLICK > CLICK > CLICK > CLICK > CLICK > CLICK > CLICK > CLICK > CLICK > CLICK > CLICK > CLICK > CLICK > TYPE: 0 > TYPE: 1000 > CLICK
58	> CLICK > CLICK > CLICK > CLICK > CLICK > TYPE: Albany, NY > CLICK > CLICK > CLICK > CLICK > CLICK > CLICK > CLICK > CLICK > CLICK > CLICK > CLICK > CLICK > CLICK > CLICK > CLICK > CLICK > TYPE: Los Angeles > TYPE: Bloomington, NY > TYPE: 10001 > CLICK > TYPE: mexico > TYPE: London > CLICK > CLICK > CLICK > TYPE: 50 > CLICK > CLICK > TYPE: Boston > CLICK > SELECT: 500 Miles > CLICK > CLICK > CLICK > CLICK > CLICK > CLICK > CLICK > CLICK > TYPE: John > CLICK > CLICK > CLICK > TYPE: James > CLICK > CLICK > CLICK > TYPE: Congrats on your new home. > CLICK > CLICK > CLICK > CLICK > CLICK
59	> CLICK > CLICK > CLICK > CLICK > CLICK > CLICK > TYPE: Lave Hot Springs East KOA > CLICK > CLICK > CLICK > CLICK > CLICK > CLICK > TYPE: Dallas Love Field > CLICK > CLICK > CLICK > CLICK > CLICK > CLICK > CLICK > CLICK > TYPE: Tim Stebee > CLICK > CLICK > CLICK > CLICK > CLICK > CLICK > CLICK > CLICK > TYPE: scisoorbros@gmail.com > TYPE: 10000001 > CLICK > CLICK > CLICK > CLICK > TYPE: 60602 > CLICK > TYPE: Jeerimiah Waton > ENTER > CLICK > CLICK > CLICK > SELECT: 50 miles > CLICK > CLICK > CLICK > CLICK > CLICK > CLICK > CLICK > CLICK > CLICK > CLICK > CLICK > CLICK > CLICK > CLICK > CLICK > CLICK
60	> CLICK > CLICK > TYPE: kinect camera > TYPE: florida > TYPE: Times Square > TYPE: albany > CLICK > TYPE: Paris > CLICK > CLICK > CLICK > TYPE: 37863 > CLICK > CLICK > CLICK > CLICK > CLICK > CLICK > TYPE: BOSTON LEGAL > CLICK > CLICK > CLICK > CLICK > CLICK > CLICK > TYPE: New York > CLICK > CLICK > TYPE: BOSTON NAVY YARD > CLICK > CLICK > CLICK > CLICK > CLICK > CLICK > CLICK > CLICK > CLICK > CLICK > CLICK > CLICK > CLICK > CLICK > CLICK > CLICK > CLICK > CLICK > SELECT: 5:00 PM > CLICK > CLICK > CLICK > SELECT: 6:00 PM > CLICK > CLICK > CLICK > CLICK > CLICK > CLICK > CLICK > TYPE: 3 > CLICK > CLICK
61	> CLICK > TYPE: Houston > CLICK > CLICK > TYPE: Smithsonian > CLICK > CLICK > TYPE: cancun > CLICK > CLICK > CLICK > CLICK > CLICK > TYPE: New York > CLICK > CLICK > CLICK > CLICK > CLICK > TYPE: Conductor > CLICK > CLICK > CLICK > CLICK > CLICK > CLICK > CLICK > HOVER > CLICK > TYPE: New Yok > TYPE: April May > CLICK > CLICK > CLICK > CLICK > TYPE: SE4 > TYPE: 1000000001 > CLICK > CLICK > CLICK > TYPE: april.may@gmail.com > CLICK > CLICK > CLICK > CLICK > CLICK > TYPE: 10023 > CLICK > CLICK > CLICK > CLICK > CLICK > CLICK > CLICK > CLICK > CLICK > CLICK > CLICK > CLICK > CLICK > CLICK > CLICK > CLICK > CLICK > CLICK > SELECT: 9:00 AM > CLICK > CLICK > SELECT: 6:00 PM > CLICK > CLICK > CLICK > CLICK > SELECT: Sort by Distance > CLICK
62	> CLICK > CLICK > HOVER > TYPE: Barclays Center > TYPE: busch stadium > CLICK > CLICK > TYPE: washing machine > CLICK > CLICK > CLICK > CLICK > CLICK > CLICK > CLICK > CLICK > CLICK > CLICK > TYPE: berlin > CLICK > TYPE: 10001 > CLICK > TYPE: CALIFORNIA > CLICK > CLICK > CLICK > TYPE: 90026 > CLICK > TYPE: was > SELECT: 200 miles > TYPE: Lo > CLICK > CLICK > CLICK > TYPE: 5456165184 > CLICK > CLICK > CLICK > TYPE: 12345678912345 > CLICK > CLICK > CLICK > CLICK > CLICK > CLICK > CLICK > CLICK > CLICK > CLICK > CLICK > CLICK > TYPE: ian.lo@gmail.com > CLICK > CLICK > SELECT: Sort by Price > CLICK > CLICK > CLICK > CLICK > CLICK > SELECT: 10:00 AM > CLICK > CLICK > CLICK > CLICK > CLICK > CLICK > CLICK > CLICK > CLICK > CLICK
63	> CLICK > TYPE: Phoenix > CLICK > CLICK > TYPE: stripe, 5th avenue > CLICK > CLICK > TYPE: zyrtec > CLICK > CLICK > CLICK > CLICK > CLICK > CLICK > CLICK > TYPE: New York > CLICK > CLICK > CLICK > TYPE: Oyster Bay > CLICK > CLICK > CLICK > CLICK > CLICK > CLICK > TYPE: Cheyenne > CLICK > CLICK > CLICK > CLICK > CLICK > CLICK > CLICK > SELECT: Daytime Only Parking > TYPE: Washington > TYPE: Helena > CLICK > CLICK > CLICK > CLICK > TYPE: doha > CLICK > SELECT: Sort by Price > CLICK > CLICK > TYPE: 90028 > CLICK > CLICK > CLICK > CLICK > CLICK > CLICK > CLICK > CLICK > CLICK > CLICK > CLICK > CLICK > CLICK > SELECT: Price > CLICK > CLICK > CLICK > CLICK > CLICK > CLICK > CLICK > CLICK > CLICK > CLICK > CLICK > CLICK
64	> CLICK > TYPE: rogaine > CLICK > CLICK > CLICK > HOVER > CLICK > CLICK > CLICK > CLICK > CLICK > CLICK > TYPE: The Flash > CLICK > TYPE: Atlanta International Airport > CLICK > CLICK > CLICK > CLICK > TYPE: Boston Logan Airport > TYPE: Adams > CLICK > CLICK > TYPE: caldwell > CLICK > CLICK > CLICK > CLICK > CLICK > CLICK > TYPE: Roy > CLICK > CLICK > CLICK > SELECT: 2022 > CLICK > CLICK > CLICK > TYPE: North Station 0000 > CLICK > CLICK > CLICK > CLICK > TYPE: RA@gmail.com > CLICK > TYPE: 10018 > CLICK > CLICK > TYPE: 90001 > CLICK > CLICK > CLICK > HOVER > CLICK > CLICK > CLICK > CLICK > CLICK > CLICK > CLICK > CLICK > CLICK > CLICK > CLICK > CLICK > CLICK > CLICK > CLICK > CLICK > CLICK > CLICK > CLICK > CLICK
65	> TYPE: 600w power supply > CLICK > CLICK > HOVER > CLICK > HOVER > CLICK > TYPE: surge protector > CLICK > CLICK > CLICK > TYPE: 90028 > TYPE: 123456 > HOVER > TYPE: jfk > CLICK > CLICK > CLICK > TYPE: bananas > CLICK > CLICK > CLICK > TYPE: John > CLICK > CLICK > CLICK > CLICK > CLICK > CLICK > CLICK > SELECT: Lowest Price > CLICK > CLICK > CLICK > CLICK > CLICK > CLICK > CLICK > CLICK > CLICK > CLICK > SELECT: UEFA Champions League > CLICK > CLICK > CLICK > CLICK > CLICK 23 > CLICK > CLICK > CLICK > SELECT: Shuttle Time > CLICK > CLICK > CLICK > CLICK > CLICK > CLICK > CLICK > CLICK > CLICK > CLICK > CLICK > CLICK
66	> CLICK > CLICK > CLICK > CLICK > TYPE: barclays center > CLICK > HOVER > TYPE: dog bed 30 inches > TYPE: Gingerbread cakes > CLICK > CLICK > CLICK > TYPE: pet festival > CLICK > CLICK > CLICK > CLICK > CLICK > CLICK > CLICK > TYPE: Chicago > CLICK > CLICK > TYPE: South Station > CLICK > CLICK > CLICK > CLICK > CLICK > CLICK > CLICK > CLICK > CLICK > CLICK > SELECT: Sort by Distance > CLICK > CLICK > CLICK > CLICK > CLICK > CLICK > CLICK > SELECT: 3:00 PM  High > CLICK > CLICK > CLICK > CLICK > CLICK > SELECT: 5:00 PM > CLICK > TYPE: portland > CLICK > CLICK > CLICK > CLICK > CLICK > CLICK > CLICK > CLICK > CLICK > CLICK > SELECT: 2 > CLICK
67	> HOVER > CLICK > CLICK > CLICK > TYPE: New York > TYPE: xbox series x console > HOVER > CLICK > CLICK > CLICK > CLICK > CLICK > CLICK > CLICK > CLICK > CLICK > CLICK > CLICK > TYPE: Burgers > CLICK > CLICK > CLICK > CLICK > CLICK > TYPE: Washington > CLICK > CLICK > CLICK > CLICK > CLICK > CLICK > CLICK > CLICK > CLICK > TYPE: 200 > CLICK > CLICK > CLICK > CLICK > CLICK > CLICK > TYPE: 400 > CLICK > TYPE: 2819 > TYPE: 44012 > CLICK > CLICK > CLICK > CLICK > CLICK > CLICK > CLICK > CLICK > TYPE: NORTH PLYMOUTH > CLICK > CLICK > CLICK > CLICK > CLICK > CLICK > CLICK > TYPE: 2 > TYPE: 30 > SELECT: PM > CLICK > CLICK
68	> CLICK > TYPE: Star Wars The Mandalorian statue > CLICK > TYPE: oak grove station > TYPE: adele > CLICK > CLICK > CLICK > HOVER > CLICK > TYPE: blazer > CLICK > TYPE: singapore > CLICK > CLICK > CLICK > CLICK > CLICK > CLICK > CLICK > CLICK > CLICK > CLICK > CLICK > CLICK > CLICK > CLICK > TYPE: New Delhi > CLICK > CLICK > CLICK > CLICK > CLICK > CLICK > TYPE: bhz > CLICK > CLICK > CLICK > CLICK > CLICK > CLICK > CLICK > CLICK > CLICK > CLICK > CLICK > CLICK > SELECT: SOUTHBOUND Forest Hills > CLICK > CLICK > TYPE: ewn > CLICK > TYPE: Venice Beach > CLICK > CLICK > CLICK > TYPE: adelefan@hotmail.com > CLICK > CLICK > CLICK > CLICK > CLICK > CLICK > CLICK > CLICK > CLICK > TYPE: 100 > CLICK > CLICK > CLICK > SELECT: Price: low to high > CLICK > CLICK > CLICK > CLICK > CLICK > CLICK > CLICK > CLICK > CLICK > CLICK > CLICK > CLICK > CLICK > CLICK > CLICK > CLICK > CLICK
69	> CLICK > CLICK > CLICK > CLICK > CLICK > CLICK > CLICK > CLICK > HOVER > CLICK > CLICK > CLICK > CLICK > TYPE: brain > CLICK > CLICK > CLICK > CLICK > CLICK > CLICK > CLICK > CLICK > TYPE: Abbotsford > CLICK > CLICK > CLICK > CLICK > TYPE: Ohio > CLICK > CLICK > CLICK > CLICK > CLICK > TYPE: boston > CLICK > CLICK > TYPE: 6944 > CLICK > CLICK > CLICK > CLICK > CLICK > CLICK > CLICK > SELECT: Thursday, April 6 > CLICK > CLICK > CLICK > CLICK > CLICK > CLICK > CLICK > CLICK > CLICK > CLICK > CLICK > CLICK > CLICK > CLICK > CLICK > TYPE: 12 > CLICK > CLICK > TYPE: 00 > CLICK > CLICK > SELECT: PM > CLICK > CLICK > CLICK > CLICK > CLICK > CLICK > CLICK > CLICK > CLICK > CLICK > CLICK > CLICK > CLICK > CLICK > CLICK > CLICK > CLICK > CLICK > CLICK
70	> TYPE: game mix > CLICK > CLICK > CLICK > CLICK > TYPE: Brooklyn > HOVER > CLICK > CLICK > CLICK > CLICK > CLICK > CLICK > CLICK > CLICK > CLICK > HOVER > TYPE: Abidjan > CLICK > CLICK > CLICK > CLICK > CLICK > CLICK > CLICK > SELECT: 18 > CLICK > CLICK > CLICK > CLICK > CLICK > CLICK > CLICK > CLICK > CLICK > CLICK > TYPE: Accra > CLICK > CLICK > CLICK > CLICK > CLICK > CLICK > CLICK > CLICK > CLICK > CLICK > CLICK > TYPE: 150 > CLICK > CLICK > TYPE: Clara > TYPE: James > TYPE: Happy Christmas > CLICK > CLICK
71	> CLICK > CLICK > CLICK > TYPE: wireless printer > HOVER > CLICK > HOVER > CLICK > HOVER > CLICK > CLICK > CLICK > CLICK > CLICK > CLICK > CLICK > HOVER > CLICK > CLICK > CLICK > CLICK > CLICK > CLICK > CLICK > TYPE: 24124124091 > CLICK > CLICK > TYPE: Las Vegas > CLICK > CLICK > CLICK > CLICK > CLICK > TYPE: boobear@gmail.com > CLICK > CLICK > CLICK > CLICK > CLICK > CLICK > CLICK > CLICK > CLICK > CLICK > CLICK > CLICK > CLICK > CLICK > CLICK > CLICK > CLICK > CLICK > CLICK > CLICK > CLICK > CLICK > CLICK > CLICK > CLICK > CLICK > CLICK
72	> CLICK > CLICK > CLICK > CLICK > CLICK > CLICK > TYPE: easter home decor > TYPE: COMFORTER > CLICK > CLICK > CLICK > CLICK > TYPE: London > CLICK > CLICK > CLICK > CLICK > CLICK > CLICK > TYPE: music > CLICK > TYPE: 90028 > CLICK > CLICK > CLICK > CLICK > CLICK > CLICK > TYPE: los angeles  > CLICK > CLICK > CLICK > CLICK > CLICK > CLICK > CLICK > CLICK > CLICK > CLICK > CLICK > CLICK > CLICK > CLICK > CLICK > CLICK > TYPE: 43240 > CLICK > CLICK > CLICK > CLICK > CLICK > CLICK > CLICK > CLICK > CLICK > CLICK > CLICK > CLICK > CLICK > CLICK > CLICK > CLICK > CLICK > CLICK > CLICK > CLICK > CLICK > CLICK > CLICK > CLICK > CLICK > CLICK > CLICK > CLICK > CLICK
73	> CLICK > CLICK > CLICK > TYPE: frosthaven > HOVER > TYPE: los angeles kings > TYPE: mens black hoodie > CLICK > TYPE: mirror > HOVER > CLICK > TYPE: 43215 > CLICK > CLICK > CLICK > CLICK > CLICK > CLICK > CLICK > CLICK > CLICK > CLICK > CLICK > CLICK > CLICK > CLICK > CLICK > SELECT: Spanish LaLiga > CLICK > TYPE: SAN FRANSISCO > CLICK > CLICK > CLICK > CLICK > CLICK > CLICK > CLICK > TYPE: atlanta georgia > CLICK > CLICK > SELECT: 3 Guests > CLICK > CLICK > CLICK > CLICK > CLICK > CLICK > CLICK > CLICK > CLICK > CLICK > CLICK > CLICK > CLICK > CLICK > CLICK > CLICK > CLICK > CLICK > CLICK > CLICK > CLICK > CLICK > CLICK > CLICK > CLICK
74	> CLICK > CLICK > CLICK > TYPE: gloomhaven > CLICK > HOVER > CLICK > CLICK > HOVER > CLICK > CLICK > CLICK > CLICK > CLICK > TYPE: New york yankees > CLICK > CLICK > CLICK > CLICK > SELECT:  English (UK) > TYPE: 99201 > CLICK > CLICK > CLICK > CLICK > CLICK > CLICK > CLICK > CLICK > CLICK > CLICK > CLICK > CLICK > CLICK > CLICK > CLICK > CLICK > CLICK > SELECT: Euro (EUR/) > CLICK > CLICK > CLICK > CLICK > TYPE: Miami Airport 21 Regular Season > CLICK > CLICK > CLICK > CLICK > CLICK > CLICK > CLICK > CLICK > CLICK > CLICK > CLICK > CLICK > CLICK > CLICK > CLICK > SELECT: Highest Price > TYPE: Miami > CLICK > CLICK > CLICK > CLICK > CLICK > CLICK > CLICK > CLICK > CLICK > CLICK > CLICK > CLICK > CLICK > CLICK > CLICK > CLICK > CLICK
75	> CLICK > TYPE: GOA > TYPE: Star Wars > CLICK > CLICK > CLICK > CLICK > CLICK > CLICK > CLICK > CLICK > CLICK > CLICK > CLICK > CLICK > CLICK > TYPE: Le maraise > TYPE: Real Madrid > CLICK > CLICK > CLICK > CLICK > CLICK > CLICK > CLICK > CLICK > CLICK > CLICK > CLICK > CLICK > CLICK > CLICK > CLICK > CLICK > CLICK > CLICK > CLICK > CLICK > CLICK > CLICK > CLICK > SELECT: UEFA Champions League > CLICK > CLICK > CLICK > CLICK > CLICK > CLICK > CLICK > CLICK > CLICK > TYPE: 1000 > CLICK > CLICK > CLICK > CLICK > CLICK > CLICK > CLICK > CLICK > CLICK > CLICK > CLICK > CLICK > CLICK > CLICK > CLICK > CLICK > CLICK
76	> TYPE: George Clooney > TYPE: motherboard > CLICK > HOVER > CLICK > CLICK > CLICK > CLICK > TYPE: Titanic > TYPE: BRISTOL > CLICK > CLICK > CLICK > CLICK > TYPE: Lubbock, Texas > CLICK > CLICK > CLICK > CLICK > CLICK > CLICK > TYPE: 200 > CLICK > TYPE: WESTMINSTER > CLICK > CLICK > CLICK > TYPE: India  > CLICK > TYPE: LONDON > CLICK > CLICK > CLICK > CLICK > CLICK > CLICK > CLICK > CLICK > CLICK > CLICK > CLICK > CLICK > SELECT: Queen > CLICK > CLICK > CLICK > CLICK > CLICK > TYPE: 2 > CLICK > CLICK > CLICK > CLICK > CLICK > CLICK > CLICK > SELECT: 14 > CLICK > CLICK > CLICK > TYPE: 99 > SELECT: 00 > CLICK > CLICK > CLICK > CLICK > CLICK > CLICK > CLICK > SELECT: Forward facing > CLICK > SELECT: Window > CLICK > CLICK
77	> CLICK > CLICK > CLICK > TYPE: spa > HOVER > CLICK > CLICK > CLICK > CLICK > CLICK > TYPE: New York > CLICK > CLICK > CLICK > CLICK > TYPE: 94115 > CLICK > CLICK > CLICK > TYPE: Edinburgh > CLICK > CLICK > CLICK > CLICK > CLICK > CLICK > TYPE: 500 > TYPE: 02199 > CLICK > CLICK > CLICK > CLICK > TYPE: electrician > CLICK > CLICK > CLICK > CLICK > CLICK > TYPE: 10001 > CLICK > CLICK > CLICK > CLICK > CLICK > TYPE: Glasgow > CLICK > CLICK > CLICK > CLICK > TYPE: Togo > CLICK > CLICK > CLICK > CLICK > CLICK > CLICK > CLICK > CLICK > CLICK > CLICK > CLICK > SELECT: 11:00 AM > CLICK > CLICK > CLICK > SELECT: 15 > CLICK > CLICK > CLICK > SELECT: 1:00 PM > CLICK > CLICK > SELECT: Veterans Railcard > CLICK > CLICK > CLICK > CLICK > CLICK > CLICK > CLICK
78	> HOVER > CLICK > TYPE: creed III > CLICK > CLICK > CLICK > TYPE: Mumbai > CLICK > TYPE: India > CLICK > HOVER > TYPE: madison square garden > CLICK > CLICK > CLICK > CLICK > CLICK > CLICK > CLICK > HOVER > CLICK > CLICK > CLICK > CLICK > CLICK > TYPE: 90028 > CLICK > CLICK > CLICK > CLICK > SELECT: Daytime Only Parking > CLICK > CLICK > CLICK > TYPE: New York City > TYPE: 3329456534543 > CLICK > CLICK > CLICK > CLICK > CLICK > CLICK > TYPE: John > CLICK > CLICK > CLICK > CLICK > TYPE: Green > CLICK > CLICK > CLICK > CLICK > CLICK > CLICK > CLICK > CLICK > CLICK > CLICK > CLICK > CLICK > CLICK > CLICK > CLICK > CLICK > CLICK
79	> CLICK > CLICK > CLICK > TYPE: winter coat > CLICK > CLICK > CLICK > CLICK > CLICK > TYPE: Alien Worlds > TYPE: Los Angeles > TYPE: New York University > CLICK > CLICK > CLICK > TYPE: m s subbulakshmi > CLICK > CLICK > CLICK > CLICK > CLICK > CLICK > CLICK > CLICK > CLICK > CLICK > CLICK > CLICK > CLICK > CLICK > CLICK > CLICK > CLICK > CLICK > CLICK > CLICK > CLICK > CLICK > CLICK > CLICK > CLICK > CLICK > CLICK > CLICK > CLICK > CLICK > CLICK > CLICK > CLICK > CLICK > SELECT: 7.0 > CLICK > CLICK > CLICK > SELECT: 9.0 > CLICK > CLICK > SELECT: Number of Votes > CLICK > CLICK > CLICK > CLICK
80	> CLICK > CLICK > CLICK > TYPE: organic dog food > CLICK > CLICK > TYPE: Chicago > CLICK > CLICK > CLICK > CLICK > TYPE: street taco > CLICK > CLICK > CLICK > TYPE: the weeknd > CLICK > CLICK > CLICK > CLICK > CLICK > CLICK > TYPE: Las Vegas > CLICK > CLICK > CLICK > TYPE: Ann Arbor > SELECT: Price Lowest > CLICK > CLICK > CLICK > CLICK > CLICK > CLICK > CLICK > CLICK > CLICK > CLICK > CLICK > CLICK > CLICK > CLICK > CLICK > CLICK > CLICK > CLICK > CLICK > CLICK > TYPE: Joe > TYPE: 105307 > CLICK > CLICK > TYPE: Bloggs > CLICK > CLICK > CLICK > TYPE: 101010 > SELECT: 2 > CLICK > CLICK > CLICK > CLICK > CLICK > CLICK
81	> CLICK > CLICK > CLICK > HOVER > CLICK > TYPE: iPhone 12 Pro > CLICK > CLICK > CLICK > CLICK > CLICK > CLICK > CLICK > CLICK > SELECT: 2005 > CLICK > CLICK > CLICK > CLICK > CLICK > CLICK > CLICK > CLICK > TYPE: Washington > SELECT: Toyota > CLICK > CLICK > CLICK > CLICK > CLICK > CLICK > CLICK > CLICK > CLICK > SELECT: Corolla > CLICK > CLICK > CLICK > CLICK > CLICK > CLICK > CLICK > TYPE: New York > CLICK > SELECT: Blue > CLICK > CLICK > CLICK > CLICK > CLICK > CLICK > CLICK > CLICK > CLICK > CLICK > CLICK > CLICK > CLICK > CLICK > CLICK > CLICK > CLICK > CLICK > CLICK > CLICK > CLICK > CLICK > CLICK > CLICK  Lowest > CLICK > CLICK > CLICK > CLICK > TYPE: James > CLICK > TYPE: Smith > CLICK > CLICK
82	> TYPE: brooklyn > CLICK > CLICK > CLICK > CLICK > TYPE: mens timberland boots > CLICK > CLICK > CLICK > CLICK > CLICK > CLICK > CLICK > TYPE: SFO > CLICK > CLICK > CLICK > CLICK > CLICK > CLICK > TYPE: staten island > CLICK > CLICK > CLICK > CLICK > CLICK > CLICK > CLICK > CLICK > CLICK > CLICK > CLICK > CLICK > CLICK > TYPE: 10000 > TYPE: 100 > CLICK > CLICK > CLICK > CLICK > CLICK > CLICK > CLICK > TYPE: EWR > CLICK > CLICK > CLICK > CLICK > CLICK > CLICK > CLICK > CLICK > TYPE: 500 > CLICK > CLICK > CLICK > CLICK > CLICK > CLICK > SELECT: New Jersey > CLICK > CLICK > CLICK > CLICK > CLICK > CLICK > SELECT: Challenged (< 580 FICO Score) > CLICK > CLICK > CLICK > CLICK > SELECT: 72 months > CLICK > CLICK > SELECT: 9 > CLICK > CLICK > SELECT: 45 > CLICK > CLICK > SELECT: AM > CLICK > CLICK > CLICK > CLICK > CLICK > CLICK > CLICK > CLICK > CLICK > CLICK > CLICK
83	> CLICK > CLICK > CLICK > HOVER > HOVER > CLICK > CLICK > CLICK > HOVER > TYPE: bali > SELECT: Climbing > CLICK > CLICK > CLICK > HOVER > CLICK > CLICK > CLICK > HOVER > CLICK > TYPE: 90028 > CLICK > CLICK > CLICK > TYPE: 200 > TYPE: Lebron James > TYPE: New York > CLICK > CLICK > SELECT: Within 50 miles > CLICK > HOVER > CLICK > TYPE: 400 > CLICK > CLICK > CLICK > CLICK > CLICK > HOVER > CLICK > CLICK > CLICK > CLICK > CLICK > SELECT: Gifts > CLICK > CLICK > CLICK > CLICK > CLICK > CLICK > SELECT: 3 > CLICK > CLICK > TYPE: 75 > SELECT: 5 > CLICK > CLICK > CLICK > SELECT: 8 > CLICK > CLICK > SELECT: 12 > CLICK > CLICK > CLICK > CLICK > CLICK > CLICK > CLICK
84	> CLICK > CLICK > CLICK > HOVER > HOVER > TYPE: New York JFK > CLICK > CLICK > CLICK > CLICK > CLICK > CLICK > CLICK > CLICK > HOVER > CLICK > CLICK > TYPE: new delhi > TYPE: Chicago > CLICK > CLICK > CLICK > CLICK > CLICK > CLICK > CLICK > CLICK > CLICK > CLICK > TYPE: MUMBAI > CLICK > TYPE: jfk > CLICK > CLICK > CLICK > TYPE: 250 > CLICK > CLICK > CLICK > CLICK > CLICK > CLICK > TYPE: 3000 > CLICK > CLICK > TYPE: NEW DELHI > CLICK > CLICK > CLICK > SELECT: Tennessee > CLICK > CLICK > CLICK > TYPE: changi > CLICK > CLICK > SELECT: Challenged (< 580 FICO Score) > CLICK > CLICK > CLICK > CLICK > CLICK > CLICK > CLICK > CLICK > CLICK > CLICK > CLICK > CLICK > CLICK > TYPE: 1 > CLICK > CLICK > CLICK > TYPE: 7 > CLICK > CLICK > CLICK > CLICK > CLICK > CLICK > CLICK > CLICK > CLICK > CLICK > CLICK > CLICK > CLICK > CLICK > CLICK > CLICK > CLICK > SELECT: Price (Lowest) > TYPE: 10005 > CLICK > CLICK > CLICK > CLICK > CLICK > CLICK > CLICK > CLICK > CLICK
85	> HOVER > CLICK > CLICK > TYPE: BANGKOK > HOVER > CLICK > CLICK > HOVER > CLICK > TYPE: las vegas raiders > CLICK > TYPE: NEW YORK > CLICK > CLICK > HOVER > TYPE: Michael Jordan > TYPE: california > CLICK > TYPE: London > CLICK > CLICK > CLICK > CLICK > CLICK > CLICK > ENTER > CLICK > SELECT: 2022 > CLICK > CLICK > CLICK > CLICK > TYPE: 44240 > CLICK > CLICK > CLICK > SELECT: Toyota > TYPE: New York > TYPE: TOKYO > CLICK > CLICK > CLICK > CLICK > SELECT: Corolla > CLICK > CLICK > CLICK > SELECT: 9:30 AM > CLICK > SELECT: L Sedan 4D > SELECT: Friday, April 7 > CLICK > CLICK > SELECT: 9:00 AM > CLICK > CLICK > CLICK > CLICK > CLICK > CLICK > CLICK > CLICK > CLICK > CLICK > TYPE: ac recharge > TYPE: TOKYO > SELECT: Wish List > CLICK > CLICK > CLICK > CLICK > CLICK > CLICK > TYPE: NEW DELHI > CLICK > TYPE: James Smith > CLICK > TYPE: buckeye.foobar@gmail.com > CLICK > TYPE: 6157075521 > CLICK > CLICK > CLICK > CLICK > CLICK > CLICK > CLICK > CLICK > CLICK
86	> TYPE: New Orleans > CLICK > HOVER > TYPE: Elevated Escape > CLICK > HOVER > CLICK > CLICK > CLICK > CLICK > CLICK > TYPE: MANILA > HOVER > CLICK > TYPE: Coldplay > CLICK > CLICK > CLICK > TYPE: New York City > CLICK > CLICK > CLICK > CLICK > CLICK > CLICK > CLICK > TYPE: 15000 > CLICK > CLICK > CLICK > CLICK > CLICK > CLICK > CLICK > CLICK > SELECT: Spanish Copa del Rey > TYPE: 5000 > CLICK > CLICK > CLICK > CLICK > CLICK > CLICK > CLICK > CLICK > SELECT: Michigan > CLICK > CLICK > TYPE: las vegas > CLICK > CLICK > CLICK > CLICK > CLICK 669 FICO Score) > CLICK > CLICK > SELECT: Question about the event > CLICK > CLICK > CLICK > CLICK > SELECT: 48 months > CLICK > TYPE: san francisco > CLICK > CLICK > CLICK > CLICK > CLICK > CLICK > CLICK > CLICK > CLICK > CLICK > CLICK > CLICK > CLICK > CLICK > CLICK > CLICK > CLICK > CLICK > TYPE: 1 > CLICK > CLICK > CLICK > CLICK > CLICK > CLICK > CLICK
87	> CLICK > CLICK > HOVER > TYPE: New York > CLICK > CLICK > CLICK > CLICK > CLICK > CLICK > TYPE: music > TYPE: Cyberpunk 2077 > CLICK > CLICK > TYPE: John > TYPE: Mikal Bridges > CLICK > HOVER > TYPE: jakarta > CLICK > TYPE: ohio > CLICK > CLICK > CLICK > TYPE: Smith > CLICK > CLICK > CLICK > TYPE: jakarta > CLICK > CLICK > CLICK > TYPE: New York > TYPE: New York City > CLICK > CLICK > CLICK > CLICK > CLICK > CLICK > CLICK > CLICK > CLICK > CLICK > CLICK > CLICK > CLICK > CLICK > CLICK > CLICK > TYPE: London > CLICK > CLICK > CLICK > CLICK > CLICK > CLICK > CLICK > CLICK > CLICK > CLICK > CLICK > CLICK > CLICK > CLICK > CLICK > CLICK > TYPE: Joe > TYPE: Bloggs > TYPE: buckeye.foobar@gmail.com > TYPE: buckeye.foobar@gmail.com > TYPE: 1111111111111111 > TYPE: the home of joe bloggs > TYPE: new york > TYPE: 10001 > TYPE: new york > TYPE: 1234 > SELECT: MasterCard > SELECT: 01 > SELECT: 2023 > TYPE: 123 > TYPE: joe bloggs > CLICK
88	> CLICK > CLICK > HOVER > TYPE: Heathrow > CLICK > CLICK > CLICK > CLICK > CLICK > CLICK > TYPE: all star stand up comedy > CLICK > CLICK > CLICK > CLICK > CLICK > TYPE: Mumbai > TYPE: 123456 > CLICK > CLICK > CLICK > CLICK > CLICK > CLICK > CLICK > CLICK > CLICK > CLICK > CLICK > CLICK > CLICK > CLICK > CLICK > CLICK > CLICK > TYPE: Dubai > TYPE: James > CLICK > CLICK > CLICK > SELECT: 2:00 PM > CLICK > CLICK > TYPE: Buck > CLICK > CLICK > CLICK > CLICK > CLICK > CLICK > CLICK > CLICK > CLICK > CLICK > CLICK > CLICK > CLICK > CLICK > CLICK > SELECT: 1:00 PM > CLICK > CLICK > CLICK > CLICK > CLICK > CLICK > CLICK > CLICK > CLICK > CLICK > CLICK > CLICK > CLICK > CLICK > CLICK > CLICK > CLICK > CLICK > CLICK > CLICK > CLICK > CLICK > CLICK > CLICK > CLICK > TYPE: Crew > TYPE: James > TYPE: Johnson > TYPE: james.john@gmail.com > SELECT: Family Trip > TYPE: Johnson > CLICK
89	> CLICK > CLICK > HOVER > HOVER > CLICK > CLICK > CLICK > CLICK > TYPE: new york > CLICK > CLICK > CLICK > CLICK > CLICK > TYPE: Union City Nj > TYPE: SPRING, TX > TYPE: 07718 > TYPE: new orleans > CLICK > CLICK > TYPE: La Bergamote > CLICK > CLICK > CLICK > CLICK > CLICK > CLICK > CLICK > TYPE: washington > TYPE: California > CLICK > SELECT: 2016 > CLICK > CLICK > CLICK > TYPE: new york > CLICK > CLICK > CLICK > SELECT: Toyota > CLICK > CLICK > CLICK > CLICK > CLICK > CLICK > SELECT: Camry > CLICK > SELECT: 04:00 PM > CLICK > CLICK > CLICK > TYPE: 40000 > CLICK > CLICK > CLICK > CLICK > CLICK > CLICK > CLICK > CLICK > CLICK > CLICK > CLICK > CLICK > CLICK > CLICK > CLICK > CLICK > TYPE: 250 > CLICK > CLICK > CLICK > CLICK > CLICK > CLICK > CLICK > SELECT: 04:00 PM > CLICK > CLICK > CLICK > SELECT: 04:30 PM > CLICK > CLICK > CLICK > CLICK > CLICK > CLICK > CLICK > CLICK > CLICK > CLICK > CLICK > CLICK > CLICK > TYPE: AZXA46 > CLICK > SELECT: AZ > CLICK > HOVER > CLICK > TYPE: 1000 > CLICK
90	> CLICK > CLICK > HOVER > CLICK > CLICK > CLICK > TYPE: Harrt Reid Intl Airport, LAS > TYPE: skirt > CLICK > TYPE: Lansing > CLICK > TYPE: Kayaks > CLICK > TYPE: 07055 > TYPE: 59901 > CLICK > TYPE: Harry Reid Intl Airport, LAS > ENTER > CLICK > CLICK > CLICK > CLICK > CLICK > SELECT: 100 Miles > CLICK > CLICK > CLICK > CLICK > CLICK > CLICK > CLICK > CLICK > CLICK > SELECT: 2018 > CLICK > CLICK > CLICK > CLICK > CLICK > CLICK > CLICK > SELECT: 2018 > HOVER > CLICK > CLICK > CLICK > CLICK > CLICK > CLICK > HOVER > CLICK > CLICK > CLICK > CLICK > CLICK > CLICK > CLICK > CLICK > CLICK > CLICK > CLICK > CLICK > CLICK > CLICK  Lowest > CLICK > CLICK > CLICK > CLICK > CLICK > CLICK > CLICK > CLICK > CLICK > CLICK > TYPE: Harry Reid Intl Airport, LAS > CLICK > CLICK > CLICK > CLICK > CLICK > TYPE: Ohare, Chicago > CLICK > CLICK > CLICK > CLICK > CLICK > CLICK > CLICK
91	> CLICK > HOVER > CLICK > CLICK > CLICK > CLICK > HOVER > TYPE: London > CLICK > TYPE: Phoenix > CLICK > CLICK > CLICK > CLICK > TYPE: 456481897 > CLICK > CLICK > CLICK > TYPE: Canyon de Chelly > CLICK > CLICK > CLICK > CLICK > CLICK 6474 > CLICK > TYPE: 30000 > CLICK > CLICK > CLICK > CLICK > CLICK > CLICK > CLICK > CLICK > TYPE: 6000 > CLICK > CLICK > CLICK > CLICK > CLICK > CLICK > CLICK > CLICK > CLICK > CLICK > CLICK > CLICK > CLICK > CLICK > CLICK > CLICK > CLICK > CLICK > CLICK > CLICK > CLICK > TYPE: john > CLICK > TYPE: doew > CLICK > TYPE: johndoew@gmail.com > CLICK > TYPE: 4533234565 > CLICK > TYPE: 234567895 > CLICK > TYPE: 06/23/1992 > CLICK > CLICK
92	> CLICK > CLICK > CLICK > HOVER > CLICK > CLICK > CLICK > CLICK > CLICK > CLICK > CLICK > CLICK > CLICK > CLICK > CLICK > CLICK > TYPE: YAW639 > CLICK > CLICK > HOVER > TYPE: New York > CLICK > CLICK > CLICK > CLICK > TYPE: brooklyn > SELECT: LA > CLICK > CLICK > CLICK > CLICK > CLICK > CLICK > CLICK > CLICK > CLICK > CLICK > TYPE: PS4 > CLICK > CLICK > HOVER > CLICK > SELECT: Price, low to high > CLICK > TYPE: 70726 > CLICK > CLICK > CLICK > CLICK > CLICK > CLICK > CLICK > CLICK > CLICK > CLICK > TYPE: 222900 > CLICK > CLICK > CLICK > CLICK > CLICK > HOVER > CLICK > CLICK > CLICK > CLICK > CLICK > CLICK > CLICK > CLICK > CLICK > CLICK > CLICK > SELECT: Good > SELECT: Good To Go > CLICK > CLICK > CLICK > CLICK > CLICK > CLICK > CLICK > CLICK > CLICK
93	> CLICK > CLICK > CLICK > HOVER > CLICK > CLICK > TYPE: Montana > HOVER > CLICK > CLICK > TYPE: John > CLICK > CLICK > CLICK > CLICK > CLICK > CLICK > CLICK > CLICK > TYPE: New york knicks > TYPE: Smith > TYPE: San Francisco > TYPE: Nemo Front Porch 2P Tent > CLICK > CLICK > CLICK > CLICK > TYPE: 90028 > CLICK > CLICK > SELECT: Ticket Number > CLICK > CLICK > CLICK > TYPE: washington > TYPE: grand central > CLICK > CLICK > CLICK > CLICK > TYPE: 123456780 > CLICK > CLICK 11 (13,217) > CLICK > CLICK > CLICK > CLICK > CLICK > CLICK > CLICK > SELECT: Hindi (59) > CLICK > CLICK > CLICK > TYPE: 200 > CLICK > CLICK > CLICK > CLICK > CLICK > CLICK > TYPE: 100 > CLICK > TYPE: Joe > CLICK > CLICK > TYPE: stoney brook > CLICK > CLICK > CLICK > TYPE: Bloggs > CLICK > CLICK > CLICK > CLICK > CLICK > TYPE: 123456789 > TYPE: Must buy > CLICK > SELECT: 10 > CLICK > CLICK > CLICK > CLICK > CLICK > SELECT: 00 > CLICK > CLICK > TYPE: 7 > CLICK > CLICK > CLICK > TYPE: 50 > CLICK > CLICK > CLICK > CLICK > CLICK > CLICK > CLICK > CLICK > CLICK > CLICK > CLICK
94	> CLICK > CLICK > HOVER > HOVER > CLICK > TYPE: central park zoo > TYPE: Paris > CLICK > CLICK > CLICK > CLICK > CLICK > CLICK > CLICK > CLICK > CLICK > CLICK > CLICK > CLICK > CLICK > TYPE: ATLANTA > CLICK > CLICK > CLICK > CLICK > CLICK > CLICK > CLICK > TYPE: LAS VEGAS > CLICK > CLICK > CLICK > TYPE: broadway > CLICK > CLICK > CLICK > CLICK > CLICK > CLICK > CLICK > CLICK > CLICK > CLICK > CLICK > CLICK > CLICK > CLICK > CLICK > CLICK > CLICK > SELECT: Walking > CLICK > CLICK > CLICK > CLICK > CLICK > CLICK > CLICK > CLICK > CLICK > CLICK > CLICK > CLICK > CLICK > CLICK > CLICK > CLICK > CLICK > CLICK > CLICK > CLICK > CLICK > CLICK > CLICK > CLICK > CLICK > CLICK > CLICK
95	> TYPE: wireless keyboard mouse > CLICK > CLICK > CLICK > HOVER > CLICK > CLICK > CLICK > CLICK > CLICK > CLICK > TYPE: Hackney > CLICK > CLICK > CLICK > CLICK > TYPE: 10 > CLICK > CLICK > CLICK > TYPE: 100 > CLICK > SELECT: Change Location... > TYPE: 123456789 > TYPE: laguardia airport > ENTER > CLICK > CLICK > CLICK > CLICK > CLICK > TYPE: 90028 > CLICK > CLICK > CLICK > CLICK > CLICK > CLICK > TYPE: Hackney > CLICK > CLICK > CLICK > CLICK > CLICK > CLICK > CLICK > SELECT: 1 Room  Earth Day > SELECT: midnight > TYPE: Hello World > SELECT: 2 Adults > CLICK > CLICK > CLICK > SELECT: 1 Child > CLICK > SELECT: noon > CLICK > SELECT: 0 > CLICK > CLICK > CLICK > CLICK > TYPE: Joe > CLICK > CLICK > CLICK > TYPE: Bloggs > CLICK > CLICK > TYPE: joe@bloggs.com > CLICK > CLICK > CLICK > CLICK
96	> TYPE: seattle > CLICK > CLICK > CLICK > HOVER > TYPE: 10023 > CLICK > CLICK > CLICK > CLICK > CLICK > CLICK > CLICK > CLICK > CLICK > CLICK > CLICK > CLICK > CLICK > CLICK > CLICK > CLICK > CLICK > TYPE: Health Insurance Top Up plans beneficial or not? > CLICK > CLICK > CLICK > TYPE: 60540 > CLICK > CLICK > CLICK > CLICK > HOVER > CLICK > CLICK > CLICK > TYPE: 60173 > CLICK > CLICK > CLICK > SELECT: 3:00 AM > CLICK > CLICK > CLICK > CLICK > CLICK > CLICK > CLICK > CLICK > CLICK > TYPE: 60173 > CLICK > CLICK > CLICK > CLICK > CLICK > CLICK > CLICK > CLICK > CLICK > CLICK > CLICK > CLICK > CLICK > CLICK
97	> CLICK > HOVER > CLICK > CLICK > HOVER > CLICK > CLICK > CLICK > CLICK > CLICK > TYPE: Phuket > CLICK > CLICK > CLICK > CLICK > TYPE: BWI > TYPE: Matthews winery > CLICK > TYPE: kashi vishwanath temple > TYPE: 11231 > CLICK > CLICK > TYPE: 10001 > CLICK > CLICK > CLICK > CLICK > TYPE: washington > CLICK > CLICK > CLICK > CLICK > CLICK > CLICK > CLICK > TYPE: NYC > CLICK > CLICK > CLICK > CLICK > CLICK > CLICK > CLICK > CLICK > CLICK > CLICK > CLICK > CLICK > CLICK > CLICK > CLICK > CLICK > CLICK > CLICK > CLICK > CLICK > CLICK > CLICK > CLICK > CLICK > CLICK > CLICK > CLICK > CLICK > CLICK > CLICK > CLICK > CLICK > CLICK > CLICK > CLICK > CLICK > CLICK > CLICK > CLICK > TYPE: 7 > CLICK > CLICK > CLICK > CLICK > CLICK > CLICK > CLICK > CLICK > CLICK > CLICK > CLICK > CLICK > CLICK > CLICK > CLICK > CLICK > CLICK > CLICK > CLICK > CLICK > CLICK > CLICK > CLICK > CLICK > CLICK > CLICK > CLICK > CLICK > CLICK > CLICK > CLICK > CLICK > CLICK > CLICK
98	> TYPE: Ricky Kej > HOVER > HOVER > CLICK > HOVER > CLICK > CLICK > CLICK > CLICK > CLICK > CLICK > CLICK > CLICK > CLICK > CLICK > CLICK > CLICK > CLICK > CLICK > CLICK > CLICK > TYPE: Mustang > SELECT: AMC Grove City 14 > TYPE: 07055 > CLICK > TYPE: 1000000000000000 > CLICK > CLICK > SELECT: Product Management > CLICK > CLICK > CLICK > CLICK > CLICK > CLICK > TYPE: 1222 > CLICK > CLICK > CLICK  Lowest > CLICK > CLICK > CLICK > CLICK > TYPE: NEW YORK > TYPE: 49107 > CLICK > CLICK > CLICK > CLICK > CLICK > TYPE: 49107 > CLICK > CLICK > CLICK > CLICK > CLICK > CLICK > CLICK > CLICK > CLICK > CLICK > CLICK > CLICK > CLICK > CLICK > SELECT: 8:00 PM > CLICK > CLICK > SELECT: 4 guests > CLICK > CLICK > CLICK > CLICK
99	> CLICK > CLICK > HOVER > CLICK > CLICK > HOVER > TYPE: BATMAN > CLICK > CLICK > CLICK > TYPE: london > TYPE: belo horizonte > CLICK > SELECT: New Jersey > CLICK > CLICK > CLICK > TYPE: organic strawberries > TYPE: Dota 2 > TYPE: 08817 > CLICK > CLICK > CLICK > CLICK > CLICK > CLICK > CLICK > CLICK > CLICK > TYPE: new york > CLICK > CLICK > CLICK > CLICK > CLICK > CLICK > HOVER > CLICK > CLICK > CLICK > CLICK > TYPE: 10000002 > CLICK > CLICK > CLICK > CLICK > CLICK > CLICK > CLICK > TYPE: Son > CLICK > TYPE: organic strawberries > CLICK > CLICK > CLICK > CLICK > CLICK > CLICK > CLICK > CLICK > CLICK > CLICK > CLICK > CLICK > CLICK > TYPE: 100 > CLICK > CLICK > CLICK > CLICK > CLICK > CLICK > TYPE: organic strawberries > CLICK > CLICK > CLICK > CLICK > CLICK > CLICK > CLICK > CLICK > CLICK > TYPE: organic strawberries > CLICK > CLICK > CLICK > CLICK > CLICK > CLICK > CLICK > CLICK > CLICK > CLICK > CLICK > CLICK > CLICK > CLICK
100	> HOVER > CLICK > CLICK > HOVER > HOVER > HOVER > TYPE: xbox 360 games > TYPE: new york > TYPE: New York > TYPE: phoenix suns > CLICK > CLICK > TYPE: 10001 > CLICK > CLICK > CLICK > ENTER > CLICK > CLICK > CLICK > CLICK > TYPE: new york > CLICK > CLICK > TYPE: WESTMINSTER > CLICK > CLICK > TYPE: miami > TYPE: Aruba > CLICK > CLICK > CLICK > CLICK > CLICK > CLICK > CLICK > CLICK > CLICK > SELECT: 100 km > CLICK > CLICK > CLICK > CLICK > CLICK > CLICK > CLICK > CLICK > CLICK > CLICK > CLICK > CLICK > CLICK > CLICK > CLICK > CLICK > CLICK > CLICK > CLICK > CLICK > TYPE: 04/01/2023 > CLICK > CLICK > CLICK > CLICK > CLICK > CLICK > CLICK > CLICK > CLICK > CLICK > CLICK > CLICK > CLICK > CLICK > CLICK > CLICK > CLICK > CLICK > CLICK > CLICK > CLICK > CLICK > CLICK > CLICK
